RegistrationRecordID,StateID,State,Region,Month,EV_Registrations,Total_Vehicle_Registrations,EV_Penetration_Pct
1,7,Gujarat,West,01-08-2026,1660,36339,4.57
2,8,Haryana,North,01-07-2025,7065,168860,4.18
3,11,Karnataka,South,01-11-2025,44931,1123236,4
4,3,Assam,Northeast,01-02-2025,3233,71124,4.55
5,21,Rajasthan,North,01-01-2025,20569,220069,9.35
6,12,Kerala,South,01-05-2026,42234,399718,10.57
7,10,Jharkhand,East,01-04-2026,989,30258,3.27
8,30,Jammu and Kashmir,North,01-07-2026,2699,29339,9.2
9,25,Tripura,Northeast,01-03-2025,4356,41463,10.51
10,21,Rajasthan,North,01-09-2025,15302,700093,2.19
11,25,Tripura,Northeast,01-02-2026,9233,124840,7.4
12,26,Uttar Pradesh,North,01-02-2025,24283,654786,3.71
13,29,Delhi,North,01-08-2025,41794,283724,14.73
14,4,Bihar,East,01-06-2026,4743,37717,12.58
15,30,Jammu and Kashmir,North,01-06-2025,44373,459635,9.65
16,22,Sikkim,Northeast,01-06-2026,7673,92484,8.3
17,10,Jharkhand,East,01-04-2025,33406,224107,14.91
18,8,Haryana,North,01-02-2026,26651,1012121,2.63
19,8,Haryana,North,01-04-2026,25100,432841,5.8
20,21,Rajasthan,North,01-01-2026,40776,663258,6.15
21,13,Madhya Pradesh,Central,01-01-2025,41574,524419,7.93
22,1,Andhra Pradesh,South,01-12-2025,3495,168246,2.08
23,11,Karnataka,South,01-07-2026,40304,337024,11.96
24,3,Assam,Northeast,01-01-2025,13466,443452,3.04
25,7,Gujarat,West,01-09-2025,23462,168784,13.9
26,12,Kerala,South,01-02-2025,24399,339277,7.19
27,30,Jammu and Kashmir,North,01-05-2025,31618,307622,10.28
28,22,Sikkim,Northeast,01-03-2025,5856,79554,7.36
29,15,Manipur,Northeast,01-02-2026,28066,221848,12.65
30,26,Uttar Pradesh,North,01-02-2026,26246,1022809,2.57
31,15,Manipur,Northeast,01-03-2026,23161,983119,2.36
32,13,Madhya Pradesh,Central,01-07-2026,42323,428116,9.89
33,4,Bihar,East,01-05-2025,41142,393257,10.46
34,15,Manipur,Northeast,01-11-2025,34627,227809,15.2
35,7,Gujarat,West,01-07-2026,23099,153831,15.02
36,13,Madhya Pradesh,Central,01-06-2025,30267,228405,13.25
37,12,Kerala,South,01-08-2026,43741,457982,9.55
38,26,Uttar Pradesh,North,01-07-2025,24576,423005,5.81
39,27,Uttarakhand,North,01-08-2026,10274,489860,2.1
40,8,Haryana,North,01-09-2025,4548,38891,11.69
41,10,Jharkhand,East,01-12-2025,1463,9624,15.2
42,22,Sikkim,Northeast,01-09-2025,40153,259482,15.47
43,30,Jammu and Kashmir,North,01-07-2025,24738,398210,6.21
44,17,Mizoram,Northeast,01-05-2026,27536,175695,15.67
45,28,West Bengal,East,01-05-2025,39423,267897,14.72
46,19,Odisha,East,01-02-2025,22356,252543,8.85
47,6,Goa,West,01-04-2025,33770,470651,7.18
48,17,Mizoram,Northeast,01-06-2025,3127,36427,8.58
49,2,Arunachal Pradesh,Northeast,01-06-2025,24309,255861,9.5
50,16,Meghalaya,Northeast,01-04-2026,25984,632207,4.11
51,27,Uttarakhand,North,01-06-2025,16508,117771,14.02
52,28,West Bengal,East,01-04-2025,7346,61441,11.96
53,19,Odisha,East,01-08-2026,3711,110892,3.35
54,9,Himachal Pradesh,North,01-01-2025,19143,258190,7.41
55,18,Nagaland,Northeast,01-08-2025,38304,334250,11.46
56,25,Tripura,Northeast,01-06-2026,22718,159058,14.28
57,3,Assam,Northeast,01-07-2025,31865,202312,15.75
58,20,Punjab,North,01-05-2026,2849,17864,15.95
59,30,Jammu and Kashmir,North,01-12-2025,21732,148789,14.61
60,27,Uttarakhand,North,01-09-2025,8200,119031,6.89
61,16,Meghalaya,Northeast,01-04-2026,1954,13968,13.99
62,22,Sikkim,Northeast,01-01-2025,12983,93315,13.91
63,17,Mizoram,Northeast,01-08-2025,6339,43478,14.58
64,20,Punjab,North,01-03-2025,3357,22141,15.16
65,25,Tripura,Northeast,01-06-2026,22157,228840,9.68
66,22,Sikkim,Northeast,01-03-2025,29443,245962,11.97
67,1,Andhra Pradesh,South,01-02-2026,26676,592336,4.5
68,24,Telangana,South,01-08-2025,34786,310406,11.21
69,1,Andhra Pradesh,South,01-04-2026,5355,58695,9.12
70,22,Sikkim,Northeast,01-02-2026,15173,96615,15.7
71,19,Odisha,East,01-08-2025,20538,254135,8.08
72,21,Rajasthan,North,01-01-2025,40590,456311,8.9
73,5,Chhattisgarh,Central,01-04-2026,38210,299457,12.76
74,17,Mizoram,Northeast,01-12-2025,19389,126271,15.36
75,21,Rajasthan,North,01-06-2025,33435,1508532,2.22
76,24,Telangana,South,01-05-2026,1101,7088,15.53
77,3,Assam,Northeast,01-01-2025,990,15764,6.28
78,23,Tamil Nadu,South,01-01-2025,20578,470580,4.37
79,25,Tripura,Northeast,01-10-2025,23893,203441,11.74
80,8,Haryana,North,01-02-2026,37431,760041,4.92
81,15,Manipur,Northeast,01-02-2025,17338,282650,6.13
82,26,Uttar Pradesh,North,01-05-2026,28551,242817,11.76
83,11,Karnataka,South,01-04-2026,40774,667301,6.11
84,23,Tamil Nadu,South,01-03-2025,30392,287770,10.56
85,28,West Bengal,East,01-07-2025,25176,233315,10.79
86,20,Punjab,North,01-01-2025,12839,108551,11.83
87,16,Meghalaya,Northeast,01-02-2026,26347,182804,14.41
88,15,Manipur,Northeast,01-02-2025,13921,171048,8.14
89,22,Sikkim,Northeast,01-07-2026,29112,698031,4.17
90,30,Jammu and Kashmir,North,01-05-2026,43475,1709133,2.54
91,15,Manipur,Northeast,01-11-2025,3291,50067,6.57
92,8,Haryana,North,01-12-2025,22406,701312,3.19
93,13,Madhya Pradesh,Central,01-08-2026,32893,343749,9.57
94,23,Tamil Nadu,South,01-08-2025,8787,227734,3.86
95,18,Nagaland,Northeast,01-10-2025,18877,733102,2.57
96,24,Telangana,South,01-07-2026,29051,233969,12.42
97,26,Uttar Pradesh,North,01-05-2025,33017,213328,15.48
98,23,Tamil Nadu,South,01-09-2025,35499,459513,7.73
99,26,Uttar Pradesh,North,01-01-2025,8605,259638,3.31
100,25,Tripura,Northeast,01-08-2025,4143,44868,9.23
101,5,Chhattisgarh,Central,01-03-2025,20331,204856,9.92
102,19,Odisha,East,01-05-2025,8053,365794,2.2
103,14,Maharashtra,West,01-05-2025,44878,1746087,2.57
104,14,Maharashtra,West,01-08-2026,29924,346405,8.64
105,26,Uttar Pradesh,North,01-04-2026,30022,438388,6.85
106,30,Jammu and Kashmir,North,01-05-2025,27446,1026853,2.67
107,22,Sikkim,Northeast,01-05-2025,32643,1239173,2.63
108,10,Jharkhand,East,01-07-2026,36057,399986,9.01
109,24,Telangana,South,01-05-2025,17164,400926,4.28
110,24,Telangana,South,01-04-2026,39446,259180,15.22
111,28,West Bengal,East,01-08-2026,18871,164376,11.48
112,3,Assam,Northeast,01-01-2025,4800,35936,13.36
113,11,Karnataka,South,01-05-2025,38955,526032,7.41
114,1,Andhra Pradesh,South,01-08-2025,4713,96309,4.89
115,29,Delhi,North,01-01-2026,21291,624206,3.41
116,2,Arunachal Pradesh,Northeast,01-07-2026,35650,531157,6.71
117,26,Uttar Pradesh,North,01-08-2025,23932,173065,13.83
118,26,Uttar Pradesh,North,01-02-2025,42376,473764,8.94
119,26,Uttar Pradesh,North,01-06-2026,26892,177938,15.11
120,24,Telangana,South,01-04-2025,34296,258862,13.25
121,25,Tripura,Northeast,01-04-2025,39556,316230,12.51
122,3,Assam,Northeast,01-05-2026,18306,235397,7.78
123,18,Nagaland,Northeast,01-05-2026,35711,527391,6.77
124,30,Jammu and Kashmir,North,01-05-2025,37008,321310,11.52
125,23,Tamil Nadu,South,01-03-2025,22152,303943,7.29
126,17,Mizoram,Northeast,01-08-2026,1528,23577,6.48
127,27,Uttarakhand,North,01-07-2026,14723,684241,2.15
128,9,Himachal Pradesh,North,01-07-2026,37739,541552,6.97
129,28,West Bengal,East,01-02-2026,33107,330141,10.03
130,15,Manipur,Northeast,01-04-2026,22164,674937,3.28
131,12,Kerala,South,01-08-2026,11930,239645,4.98
132,21,Rajasthan,North,01-04-2026,27992,780046,3.59
133,21,Rajasthan,North,01-10-2025,22489,801511,2.81
134,26,Uttar Pradesh,North,01-05-2025,24514,169907,14.43
135,11,Karnataka,South,01-11-2025,7601,48846,15.56
136,9,Himachal Pradesh,North,01-10-2025,18137,170219,10.66
137,29,Delhi,North,01-06-2025,2342,29402,7.97
138,8,Haryana,North,01-10-2025,28369,195829,14.49
139,2,Arunachal Pradesh,Northeast,01-05-2025,23356,732684,3.19
140,19,Odisha,East,01-08-2025,14607,103713,14.08
141,22,Sikkim,Northeast,01-08-2026,27056,177282,15.26
142,25,Tripura,Northeast,01-01-2026,26531,384337,6.9
143,28,West Bengal,East,01-07-2026,7388,101318,7.29
144,7,Gujarat,West,01-10-2025,28978,814729,3.56
145,3,Assam,Northeast,01-01-2026,5548,72307,7.67
146,30,Jammu and Kashmir,North,01-08-2026,13916,102936,13.52
147,7,Gujarat,West,01-01-2025,40098,394387,10.17
148,30,Jammu and Kashmir,North,01-05-2026,24760,174853,14.16
149,6,Goa,West,01-06-2025,2905,133860,2.17
150,13,Madhya Pradesh,Central,01-03-2026,21359,227518,9.39
151,11,Karnataka,South,01-05-2025,26626,226879,11.74
152,25,Tripura,Northeast,01-06-2026,6990,64652,10.81
153,14,Maharashtra,West,01-03-2026,43156,367067,11.76
154,3,Assam,Northeast,01-04-2026,42230,1601897,2.64
155,12,Kerala,South,01-10-2025,11775,419025,2.81
156,6,Goa,West,01-12-2025,24759,231785,10.68
157,8,Haryana,North,01-04-2025,37287,536740,6.95
158,18,Nagaland,Northeast,01-05-2025,5635,35648,15.81
159,22,Sikkim,Northeast,01-05-2026,38888,614015,6.33
160,20,Punjab,North,01-01-2026,36347,627385,5.79
161,13,Madhya Pradesh,Central,01-02-2026,6513,83148,7.83
162,5,Chhattisgarh,Central,01-03-2026,10936,139216,7.86
163,24,Telangana,South,01-06-2026,30348,704509,4.31
164,24,Telangana,South,01-01-2025,28512,326778,8.73
165,15,Manipur,Northeast,01-05-2026,24633,335944,7.33
166,22,Sikkim,Northeast,01-05-2026,21184,247427,8.56
167,3,Assam,Northeast,01-01-2025,1204,43165,2.79
168,6,Goa,West,01-05-2026,33406,267274,12.5
169,3,Assam,Northeast,01-05-2025,4436,29132,15.23
170,10,Jharkhand,East,01-07-2026,14256,265218,5.38
171,9,Himachal Pradesh,North,01-02-2026,35616,231924,15.36
172,13,Madhya Pradesh,Central,01-04-2025,22749,159138,14.3
173,8,Haryana,North,01-02-2025,36987,641977,5.76
174,7,Gujarat,West,01-02-2025,43925,322049,13.64
175,18,Nagaland,Northeast,01-12-2025,43744,449731,9.73
176,5,Chhattisgarh,Central,01-05-2026,19998,832224,2.4
177,15,Manipur,Northeast,01-05-2025,40564,370411,10.95
178,11,Karnataka,South,01-07-2026,16581,155811,10.64
179,2,Arunachal Pradesh,Northeast,01-06-2025,43089,420017,10.26
180,30,Jammu and Kashmir,North,01-03-2026,24186,738722,3.27
181,2,Arunachal Pradesh,Northeast,01-08-2026,29720,323189,9.2
182,24,Telangana,South,01-03-2026,5437,50769,10.71
183,19,Odisha,East,01-05-2026,38460,947517,4.06
184,24,Telangana,South,01-05-2026,22633,177307,12.76
185,20,Punjab,North,01-05-2025,27969,261605,10.69
186,2,Arunachal Pradesh,Northeast,01-01-2026,39837,366566,10.87
187,16,Meghalaya,Northeast,01-11-2025,7054,185420,3.8
188,23,Tamil Nadu,South,01-04-2026,7038,92554,7.6
189,16,Meghalaya,Northeast,01-08-2025,43479,560061,7.76
190,3,Assam,Northeast,01-06-2026,29532,629405,4.69
191,19,Odisha,East,01-05-2025,22769,385897,5.9
192,29,Delhi,North,01-06-2025,39944,571945,6.98
193,14,Maharashtra,West,01-02-2025,43728,483297,9.05
194,13,Madhya Pradesh,Central,01-09-2025,24121,182849,13.19
195,25,Tripura,Northeast,01-03-2026,20062,275501,7.28
196,17,Mizoram,Northeast,01-04-2025,14368,451364,3.18
197,3,Assam,Northeast,01-08-2026,1102,15334,7.19
198,22,Sikkim,Northeast,01-02-2026,29499,411721,7.16
199,24,Telangana,South,01-02-2025,17548,610837,2.87
200,27,Uttarakhand,North,01-07-2026,5926,50996,11.62
201,23,Tamil Nadu,South,01-02-2026,39438,1625230,2.43
202,18,Nagaland,Northeast,01-06-2025,40450,535032,7.56
203,25,Tripura,Northeast,01-05-2025,11067,485182,2.28
204,25,Tripura,Northeast,01-05-2026,30726,945746,3.25
205,30,Jammu and Kashmir,North,01-12-2025,5432,37546,14.47
206,20,Punjab,North,01-04-2025,8361,64076,13.05
207,13,Madhya Pradesh,Central,01-06-2026,27534,270503,10.18
208,22,Sikkim,Northeast,01-02-2025,13710,110243,12.44
209,17,Mizoram,Northeast,01-12-2025,7538,103220,7.3
210,5,Chhattisgarh,Central,01-06-2025,19923,180415,11.04
211,2,Arunachal Pradesh,Northeast,01-01-2026,4612,30600,15.07
212,21,Rajasthan,North,01-06-2025,2405,44181,5.44
213,4,Bihar,East,01-11-2025,11389,257248,4.43
214,23,Tamil Nadu,South,01-09-2025,13846,508502,2.72
215,8,Haryana,North,01-05-2025,11587,72593,15.96
216,6,Goa,West,01-02-2025,42227,271162,15.57
217,4,Bihar,East,01-03-2026,42405,270942,15.65
218,30,Jammu and Kashmir,North,01-06-2025,14034,104016,13.49
219,2,Arunachal Pradesh,Northeast,01-03-2026,11754,117509,10
220,19,Odisha,East,01-01-2026,32843,674243,4.87
221,26,Uttar Pradesh,North,01-04-2025,27186,567190,4.79
222,20,Punjab,North,01-05-2026,39851,1104604,3.61
223,26,Uttar Pradesh,North,01-02-2026,43333,427459,10.14
224,11,Karnataka,South,01-04-2025,40556,428880,9.46
225,1,Andhra Pradesh,South,01-06-2025,809,8357,9.68
226,10,Jharkhand,East,01-12-2025,40609,623511,6.51
227,2,Arunachal Pradesh,Northeast,01-08-2026,9312,236132,3.94
228,9,Himachal Pradesh,North,01-05-2026,28334,329385,8.6
229,23,Tamil Nadu,South,01-03-2025,29053,831561,3.49
230,5,Chhattisgarh,Central,01-12-2025,43729,1169174,3.74
231,24,Telangana,South,01-11-2025,6056,124352,4.87
232,3,Assam,Northeast,01-03-2025,6215,51353,12.1
233,28,West Bengal,East,01-08-2025,42632,340864,12.51
234,28,West Bengal,East,01-03-2025,22004,477344,4.61
235,19,Odisha,East,01-02-2026,41145,279705,14.71
236,25,Tripura,Northeast,01-01-2026,18249,243507,7.49
237,8,Haryana,North,01-08-2025,10310,85967,11.99
238,19,Odisha,East,01-06-2025,6784,54417,12.47
239,15,Manipur,Northeast,01-01-2025,19896,285244,6.98
240,15,Manipur,Northeast,01-02-2025,19181,654046,2.93
241,8,Haryana,North,01-07-2026,12102,332785,3.64
242,6,Goa,West,01-03-2025,31910,260965,12.23
243,10,Jharkhand,East,01-08-2026,16174,113098,14.3
244,1,Andhra Pradesh,South,01-08-2026,25853,178118,14.51
245,4,Bihar,East,01-06-2025,32984,518281,6.36
246,5,Chhattisgarh,Central,01-01-2025,38941,800658,4.86
247,2,Arunachal Pradesh,Northeast,01-10-2025,38180,267465,14.27
248,1,Andhra Pradesh,South,01-06-2025,24510,335592,7.3
249,13,Madhya Pradesh,Central,01-08-2026,41431,458711,9.03
250,8,Haryana,North,01-05-2025,15182,196521,7.73
251,13,Madhya Pradesh,Central,01-02-2025,17278,166483,10.38
252,4,Bihar,East,01-04-2025,34361,621897,5.53
253,5,Chhattisgarh,Central,01-08-2026,13098,84902,15.43
254,8,Haryana,North,01-06-2025,44965,590718,7.61
255,15,Manipur,Northeast,01-02-2026,25738,620653,4.15
256,13,Madhya Pradesh,Central,01-08-2025,18168,325345,5.58
257,8,Haryana,North,01-11-2025,20715,603763,3.43
258,16,Meghalaya,Northeast,01-04-2025,39527,355486,11.12
259,17,Mizoram,Northeast,01-09-2025,21330,173270,12.31
260,8,Haryana,North,01-09-2025,4597,31166,14.75
261,1,Andhra Pradesh,South,01-02-2026,22916,145150,15.79
262,14,Maharashtra,West,01-04-2025,20056,301591,6.65
263,22,Sikkim,Northeast,01-07-2026,3508,47987,7.31
264,21,Rajasthan,North,01-09-2025,40024,1938350,2.06
265,9,Himachal Pradesh,North,01-03-2025,25950,332561,7.8
266,26,Uttar Pradesh,North,01-11-2025,8773,128094,6.85
267,18,Nagaland,Northeast,01-02-2025,37168,363716,10.22
268,27,Uttarakhand,North,01-12-2025,14290,260996,5.48
269,25,Tripura,Northeast,01-07-2025,6099,77546,7.87
270,24,Telangana,South,01-01-2025,37948,374675,10.13
271,22,Sikkim,Northeast,01-06-2026,39156,425034,9.21
272,17,Mizoram,Northeast,01-08-2026,20616,505135,4.08
273,22,Sikkim,Northeast,01-08-2025,21606,209048,10.34
274,13,Madhya Pradesh,Central,01-07-2026,25242,191271,13.2
275,30,Jammu and Kashmir,North,01-05-2026,21708,297852,7.29
276,16,Meghalaya,Northeast,01-08-2025,24370,834611,2.92
277,14,Maharashtra,West,01-07-2026,29665,312843,9.48
278,17,Mizoram,Northeast,01-06-2026,12285,124911,9.84
279,4,Bihar,East,01-01-2025,13142,86201,15.25
280,10,Jharkhand,East,01-10-2025,10893,116227,9.37
281,1,Andhra Pradesh,South,01-06-2026,20646,183929,11.22
282,1,Andhra Pradesh,South,01-03-2025,31478,275965,11.41
283,29,Delhi,North,01-08-2025,32280,244567,13.2
284,3,Assam,Northeast,01-07-2026,24960,254847,9.79
285,8,Haryana,North,01-02-2025,8770,162274,5.4
286,14,Maharashtra,West,01-02-2026,19722,127427,15.48
287,20,Punjab,North,01-05-2025,22189,363511,6.1
288,16,Meghalaya,Northeast,01-06-2026,6950,63964,10.87
289,1,Andhra Pradesh,South,01-07-2026,20879,459880,4.54
290,4,Bihar,East,01-06-2026,9505,64446,14.75
291,5,Chhattisgarh,Central,01-08-2026,20778,368932,5.63
292,2,Arunachal Pradesh,Northeast,01-03-2025,38134,1538161,2.48
293,20,Punjab,North,01-05-2025,34372,444555,7.73
294,30,Jammu and Kashmir,North,01-09-2025,7883,155386,5.07
295,26,Uttar Pradesh,North,01-12-2025,30775,855020,3.6
296,30,Jammu and Kashmir,North,01-02-2026,21407,470535,4.55
297,18,Nagaland,Northeast,01-07-2026,28656,497371,5.76
298,8,Haryana,North,01-02-2025,41996,549995,7.64
299,9,Himachal Pradesh,North,01-11-2025,42201,288889,14.61
300,2,Arunachal Pradesh,Northeast,01-05-2025,17258,127684,13.52
301,21,Rajasthan,North,01-10-2025,39043,435103,8.97
302,2,Arunachal Pradesh,Northeast,01-05-2026,22980,206656,11.12
303,26,Uttar Pradesh,North,01-12-2025,2422,69356,3.49
304,22,Sikkim,Northeast,01-06-2025,30202,291418,10.36
305,12,Kerala,South,01-01-2026,9446,94213,10.03
306,17,Mizoram,Northeast,01-02-2026,21409,494666,4.33
307,11,Karnataka,South,01-01-2025,20050,614141,3.26
308,19,Odisha,East,01-11-2025,24863,167798,14.82
309,27,Uttarakhand,North,01-07-2025,32263,324915,9.93
310,2,Arunachal Pradesh,Northeast,01-03-2026,3511,23227,15.12
311,5,Chhattisgarh,Central,01-01-2025,41283,431929,9.56
312,19,Odisha,East,01-03-2025,32787,1205421,2.72
313,30,Jammu and Kashmir,North,01-01-2026,39690,594213,6.68
314,26,Uttar Pradesh,North,01-02-2025,2324,34069,6.82
315,8,Haryana,North,01-05-2026,34808,293269,11.87
316,8,Haryana,North,01-10-2025,14150,461955,3.06
317,18,Nagaland,Northeast,01-05-2025,21387,182393,11.73
318,30,Jammu and Kashmir,North,01-06-2025,24193,702608,3.44
319,5,Chhattisgarh,Central,01-12-2025,4890,31610,15.47
320,17,Mizoram,Northeast,01-10-2025,37208,451329,8.24
321,15,Manipur,Northeast,01-12-2025,2141,13889,15.42
322,19,Odisha,East,01-08-2025,13054,98210,13.29
323,23,Tamil Nadu,South,01-05-2025,3221,29492,10.92
324,8,Haryana,North,01-06-2026,12718,108659,11.7
325,9,Himachal Pradesh,North,01-01-2026,28735,241916,11.88
326,7,Gujarat,West,01-05-2026,12982,132722,9.78
327,22,Sikkim,Northeast,01-07-2025,37998,323005,11.76
328,9,Himachal Pradesh,North,01-07-2026,15823,437831,3.61
329,27,Uttarakhand,North,01-06-2026,36862,262016,14.07
330,7,Gujarat,West,01-03-2025,38065,408682,9.31
331,7,Gujarat,West,01-05-2026,24877,240409,10.35
332,3,Assam,Northeast,01-12-2025,31707,362993,8.73
333,3,Assam,Northeast,01-05-2025,30666,453756,6.76
334,23,Tamil Nadu,South,01-12-2025,41798,651661,6.41
335,17,Mizoram,Northeast,01-04-2025,16117,249391,6.46
336,18,Nagaland,Northeast,01-01-2025,29487,369722,7.98
337,12,Kerala,South,01-02-2025,9302,109859,8.47
338,2,Arunachal Pradesh,Northeast,01-01-2026,28588,387607,7.38
339,3,Assam,Northeast,01-07-2025,42573,616110,6.91
340,30,Jammu and Kashmir,North,01-05-2026,9236,105954,8.72
341,16,Meghalaya,Northeast,01-12-2025,11416,89496,12.76
342,25,Tripura,Northeast,01-07-2025,13476,109991,12.25
343,17,Mizoram,Northeast,01-03-2025,34733,564026,6.16
344,18,Nagaland,Northeast,01-04-2025,33713,639653,5.27
345,25,Tripura,Northeast,01-04-2026,26080,176876,14.74
346,15,Manipur,Northeast,01-09-2025,5294,71728,7.38
347,24,Telangana,South,01-04-2025,32683,212367,15.39
348,5,Chhattisgarh,Central,01-05-2025,42698,416982,10.24
349,7,Gujarat,West,01-02-2026,41770,285077,14.65
350,2,Arunachal Pradesh,Northeast,01-07-2025,15699,539519,2.91
351,8,Haryana,North,01-08-2026,16734,320086,5.23
352,19,Odisha,East,01-01-2026,34957,668473,5.23
353,2,Arunachal Pradesh,Northeast,01-09-2025,28176,182939,15.4
354,24,Telangana,South,01-06-2025,16676,593494,2.81
355,15,Manipur,Northeast,01-05-2026,12162,117373,10.36
356,17,Mizoram,Northeast,01-10-2025,19650,155762,12.62
357,30,Jammu and Kashmir,North,01-05-2026,25378,189082,13.42
358,6,Goa,West,01-01-2026,8087,64850,12.47
359,25,Tripura,Northeast,01-09-2025,38243,377850,10.12
360,2,Arunachal Pradesh,Northeast,01-11-2025,18824,251779,7.48
361,27,Uttarakhand,North,01-09-2025,18402,119655,15.38
362,12,Kerala,South,01-10-2025,29992,453962,6.61
363,25,Tripura,Northeast,01-05-2025,16385,212286,7.72
364,15,Manipur,Northeast,01-06-2025,15463,131712,11.74
365,16,Meghalaya,Northeast,01-06-2026,29925,193442,15.47
366,16,Meghalaya,Northeast,01-01-2026,42555,1388040,3.07
367,17,Mizoram,Northeast,01-06-2026,10316,118191,8.73
368,29,Delhi,North,01-07-2026,19929,199320,10
369,8,Haryana,North,01-02-2025,6983,70391,9.92
370,13,Madhya Pradesh,Central,01-01-2025,21495,163286,13.16
371,8,Haryana,North,01-01-2025,32090,226910,14.14
372,9,Himachal Pradesh,North,01-01-2026,33930,635195,5.34
373,21,Rajasthan,North,01-10-2025,21470,182167,11.79
374,28,West Bengal,East,01-07-2025,9817,115269,8.52
375,23,Tamil Nadu,South,01-10-2025,41129,305128,13.48
376,21,Rajasthan,North,01-07-2025,37566,1863687,2.02
377,2,Arunachal Pradesh,Northeast,01-02-2026,27388,487189,5.62
378,2,Arunachal Pradesh,Northeast,01-01-2026,10682,67879,15.74
379,17,Mizoram,Northeast,01-08-2025,32766,450470,7.27
380,24,Telangana,South,01-01-2026,1807,51662,3.5
381,30,Jammu and Kashmir,North,01-07-2025,30057,373315,8.05
382,2,Arunachal Pradesh,Northeast,01-03-2026,26621,212089,12.55
383,22,Sikkim,Northeast,01-04-2025,7859,67572,11.63
384,18,Nagaland,Northeast,01-04-2025,15659,532092,2.94
385,10,Jharkhand,East,01-01-2025,21753,714214,3.05
386,18,Nagaland,Northeast,01-06-2026,24621,157535,15.63
387,29,Delhi,North,01-12-2025,12739,115118,11.07
388,20,Punjab,North,01-12-2025,22310,764364,2.92
389,1,Andhra Pradesh,South,01-06-2025,32398,366451,8.84
390,19,Odisha,East,01-11-2025,30041,1491303,2.01
391,2,Arunachal Pradesh,Northeast,01-02-2026,13825,86624,15.96
392,17,Mizoram,Northeast,01-03-2025,7340,52582,13.96
393,15,Manipur,Northeast,01-11-2025,24211,175961,13.76
394,15,Manipur,Northeast,01-02-2026,3893,101414,3.84
395,3,Assam,Northeast,01-05-2026,28887,358724,8.05
396,21,Rajasthan,North,01-03-2026,17135,122366,14
397,20,Punjab,North,01-06-2025,35250,603697,5.84
398,3,Assam,Northeast,01-01-2025,13657,94073,14.52
399,15,Manipur,Northeast,01-02-2025,2780,57856,4.81
400,17,Mizoram,Northeast,01-12-2025,27185,192787,14.1
401,16,Meghalaya,Northeast,01-08-2025,22363,486431,4.6
402,17,Mizoram,Northeast,01-08-2025,9582,114730,8.35
403,18,Nagaland,Northeast,01-08-2026,39910,370666,10.77
404,12,Kerala,South,01-03-2025,16051,122046,13.15
405,25,Tripura,Northeast,01-02-2026,12336,117460,10.5
406,20,Punjab,North,01-04-2025,9512,197863,4.81
407,25,Tripura,Northeast,01-02-2025,17767,280012,6.35
408,13,Madhya Pradesh,Central,01-05-2026,37735,443712,8.5
409,30,Jammu and Kashmir,North,01-06-2026,18573,118709,15.65
410,6,Goa,West,01-11-2025,22604,179413,12.6
411,28,West Bengal,East,01-06-2025,30887,254423,12.14
412,19,Odisha,East,01-09-2025,44208,1285454,3.44
413,14,Maharashtra,West,01-03-2026,9583,109482,8.75
414,28,West Bengal,East,01-08-2026,36288,368964,9.84
415,18,Nagaland,Northeast,01-01-2025,7168,221910,3.23
416,13,Madhya Pradesh,Central,01-01-2025,23916,771459,3.1
417,22,Sikkim,Northeast,01-07-2025,44001,280537,15.68
418,26,Uttar Pradesh,North,01-02-2026,11161,84500,13.21
419,2,Arunachal Pradesh,Northeast,01-10-2025,9878,86760,11.39
420,8,Haryana,North,01-11-2025,39650,272562,14.55
421,9,Himachal Pradesh,North,01-06-2025,26815,433639,6.18
422,12,Kerala,South,01-08-2025,37479,312397,12
423,30,Jammu and Kashmir,North,01-08-2026,14429,136488,10.57
424,7,Gujarat,West,01-11-2025,33775,349410,9.67
425,26,Uttar Pradesh,North,01-03-2025,22088,514153,4.3
426,14,Maharashtra,West,01-11-2025,16113,566376,2.84
427,23,Tamil Nadu,South,01-12-2025,2360,16613,14.21
428,26,Uttar Pradesh,North,01-07-2026,20822,242608,8.58
429,13,Madhya Pradesh,Central,01-08-2025,29180,223502,13.06
430,23,Tamil Nadu,South,01-07-2026,25163,257419,9.78
431,18,Nagaland,Northeast,01-07-2026,1461,21961,6.65
432,24,Telangana,South,01-09-2025,26458,238262,11.1
433,10,Jharkhand,East,01-07-2026,29506,579929,5.09
434,22,Sikkim,Northeast,01-03-2026,33920,246398,13.77
435,17,Mizoram,Northeast,01-08-2026,13603,110639,12.29
436,30,Jammu and Kashmir,North,01-08-2026,34523,1347749,2.56
437,17,Mizoram,Northeast,01-07-2026,5503,53777,10.23
438,26,Uttar Pradesh,North,01-02-2025,22815,217562,10.49
439,15,Manipur,Northeast,01-02-2025,11971,151453,7.9
440,10,Jharkhand,East,01-07-2026,18578,310982,5.97
441,29,Delhi,North,01-12-2025,34097,314494,10.84
442,15,Manipur,Northeast,01-01-2025,28290,219915,12.86
443,4,Bihar,East,01-04-2026,13565,300405,4.52
444,12,Kerala,South,01-02-2026,23661,257840,9.18
445,5,Chhattisgarh,Central,01-05-2025,5448,99757,5.46
446,28,West Bengal,East,01-03-2026,33581,364715,9.21
447,25,Tripura,Northeast,01-08-2026,41889,1256546,3.33
448,17,Mizoram,Northeast,01-02-2025,43806,427885,10.24
449,12,Kerala,South,01-04-2025,13388,251730,5.32
450,11,Karnataka,South,01-10-2025,34197,781358,4.38
451,10,Jharkhand,East,01-10-2025,11883,87346,13.6
452,1,Andhra Pradesh,South,01-05-2025,39463,370891,10.64
453,1,Andhra Pradesh,South,01-08-2026,43067,1713495,2.51
454,5,Chhattisgarh,Central,01-03-2026,6916,73037,9.47
455,17,Mizoram,Northeast,01-05-2026,10647,80176,13.28
456,28,West Bengal,East,01-03-2026,2542,25901,9.81
457,27,Uttarakhand,North,01-08-2026,21137,133662,15.81
458,9,Himachal Pradesh,North,01-05-2025,26419,969947,2.72
459,1,Andhra Pradesh,South,01-03-2025,21477,475139,4.52
460,27,Uttarakhand,North,01-05-2025,30656,336831,9.1
461,14,Maharashtra,West,01-12-2025,42035,265828,15.81
462,24,Telangana,South,01-11-2025,925,6035,15.33
463,18,Nagaland,Northeast,01-07-2025,7438,79942,9.3
464,23,Tamil Nadu,South,01-12-2025,14405,364211,3.96
465,30,Jammu and Kashmir,North,01-01-2026,13395,112890,11.87
466,10,Jharkhand,East,01-08-2025,11025,237767,4.64
467,23,Tamil Nadu,South,01-08-2025,23996,292188,8.21
468,5,Chhattisgarh,Central,01-03-2026,38806,254890,15.22
469,10,Jharkhand,East,01-06-2026,29425,276294,10.65
470,8,Haryana,North,01-03-2026,32263,252859,12.76
471,27,Uttarakhand,North,01-08-2025,38008,326154,11.65
472,1,Andhra Pradesh,South,01-01-2025,32690,215459,15.17
473,14,Maharashtra,West,01-04-2026,14180,140666,10.08
474,30,Jammu and Kashmir,North,01-02-2025,38673,369392,10.47
475,9,Himachal Pradesh,North,01-01-2025,8648,54366,15.91
476,13,Madhya Pradesh,Central,01-09-2025,20414,165452,12.34
477,4,Bihar,East,01-02-2025,36741,558504,6.58
478,6,Goa,West,01-07-2026,37121,292937,12.67
479,9,Himachal Pradesh,North,01-07-2026,18572,138085,13.45
480,24,Telangana,South,01-07-2025,27000,409256,6.6
481,1,Andhra Pradesh,South,01-12-2025,38374,388080,9.89
482,19,Odisha,East,01-01-2025,9727,134619,7.23
483,12,Kerala,South,01-06-2025,40578,931067,4.36
484,14,Maharashtra,West,01-10-2025,26337,310251,8.49
485,3,Assam,Northeast,01-08-2025,36431,262843,13.86
486,28,West Bengal,East,01-12-2025,22436,295852,7.58
487,5,Chhattisgarh,Central,01-03-2026,12363,142533,8.67
488,11,Karnataka,South,01-04-2026,27766,207490,13.38
489,18,Nagaland,Northeast,01-12-2025,13978,150345,9.3
490,21,Rajasthan,North,01-11-2025,42774,293898,14.55
491,21,Rajasthan,North,01-03-2026,9706,132576,7.32
492,4,Bihar,East,01-01-2026,38450,1124304,3.42
493,29,Delhi,North,01-04-2025,7951,85282,9.32
494,14,Maharashtra,West,01-03-2026,14267,149419,9.55
495,16,Meghalaya,Northeast,01-10-2025,43441,571691,7.6
496,13,Madhya Pradesh,Central,01-04-2025,35705,963332,3.71
497,11,Karnataka,South,01-07-2025,44939,989815,4.54
498,13,Madhya Pradesh,Central,01-07-2025,24286,694624,3.5
499,10,Jharkhand,East,01-10-2025,25411,319901,7.94
500,22,Sikkim,Northeast,01-07-2025,43168,597139,7.23
501,13,Madhya Pradesh,Central,01-10-2025,11930,585902,2.04
502,22,Sikkim,Northeast,01-09-2025,38184,345478,11.05
503,24,Telangana,South,01-10-2025,7095,102117,6.95
504,26,Uttar Pradesh,North,01-05-2025,40375,298706,13.52
505,28,West Bengal,East,01-07-2025,36841,276305,13.33
506,19,Odisha,East,01-04-2025,3840,48391,7.94
507,5,Chhattisgarh,Central,01-03-2026,26960,218898,12.32
508,2,Arunachal Pradesh,Northeast,01-01-2025,17814,187614,9.5
509,22,Sikkim,Northeast,01-04-2026,3652,33237,10.99
510,28,West Bengal,East,01-07-2025,24511,224224,10.93
511,9,Himachal Pradesh,North,01-02-2026,40220,1427068,2.82
512,25,Tripura,Northeast,01-02-2025,18527,473817,3.91
513,21,Rajasthan,North,01-06-2026,29282,357183,8.2
514,29,Delhi,North,01-07-2025,33296,1498810,2.22
515,24,Telangana,South,01-02-2026,39267,323431,12.14
516,10,Jharkhand,East,01-07-2025,40332,1296069,3.11
517,8,Haryana,North,01-05-2025,8643,184437,4.69
518,8,Haryana,North,01-01-2025,10906,160150,6.81
519,7,Gujarat,West,01-04-2025,7504,54990,13.65
520,28,West Bengal,East,01-05-2025,3275,62121,5.27
521,21,Rajasthan,North,01-08-2025,35303,317693,11.11
522,22,Sikkim,Northeast,01-12-2025,35996,428726,8.4
523,22,Sikkim,Northeast,01-06-2025,6049,38001,15.92
524,2,Arunachal Pradesh,Northeast,01-06-2025,10486,123178,8.51
525,8,Haryana,North,01-12-2025,30937,200801,15.41
526,13,Madhya Pradesh,Central,01-03-2026,26392,601637,4.39
527,10,Jharkhand,East,01-04-2026,3883,56554,6.87
528,12,Kerala,South,01-08-2025,40691,470502,8.65
529,30,Jammu and Kashmir,North,01-01-2026,8246,108636,7.59
530,8,Haryana,North,01-05-2025,42123,778441,5.41
531,30,Jammu and Kashmir,North,01-08-2026,21221,379037,5.6
532,8,Haryana,North,01-07-2025,5695,150343,3.79
533,16,Meghalaya,Northeast,01-12-2025,10515,88195,11.92
534,14,Maharashtra,West,01-04-2025,6582,115807,5.68
535,2,Arunachal Pradesh,Northeast,01-09-2025,36385,240682,15.12
536,9,Himachal Pradesh,North,01-01-2025,38867,656997,5.92
537,26,Uttar Pradesh,North,01-04-2025,37974,890426,4.26
538,22,Sikkim,Northeast,01-11-2025,11182,70370,15.89
539,5,Chhattisgarh,Central,01-08-2026,37675,250693,15.03
540,10,Jharkhand,East,01-06-2025,25969,240647,10.79
541,30,Jammu and Kashmir,North,01-10-2025,8429,63457,13.28
542,16,Meghalaya,Northeast,01-07-2025,30419,225957,13.46
543,15,Manipur,Northeast,01-03-2025,7521,181094,4.15
544,3,Assam,Northeast,01-06-2026,8173,52195,15.66
545,10,Jharkhand,East,01-02-2025,9784,112318,8.71
546,1,Andhra Pradesh,South,01-04-2025,9086,103029,8.82
547,14,Maharashtra,West,01-04-2026,38485,282756,13.61
548,20,Punjab,North,01-03-2025,36098,476146,7.58
549,25,Tripura,Northeast,01-01-2026,36532,1547070,2.36
550,25,Tripura,Northeast,01-03-2026,40908,422018,9.69
551,28,West Bengal,East,01-01-2026,9534,104930,9.09
552,18,Nagaland,Northeast,01-06-2025,19068,848360,2.25
553,2,Arunachal Pradesh,Northeast,01-07-2026,7230,252894,2.86
554,19,Odisha,East,01-02-2025,32297,650549,4.96
555,30,Jammu and Kashmir,North,01-11-2025,27326,232948,11.73
556,9,Himachal Pradesh,North,01-07-2026,30594,1004789,3.04
557,28,West Bengal,East,01-02-2026,9874,219973,4.49
558,16,Meghalaya,Northeast,01-01-2025,32803,301923,10.86
559,8,Haryana,North,01-05-2026,43908,413716,10.61
560,20,Punjab,North,01-08-2026,33987,362389,9.38
561,7,Gujarat,West,01-06-2026,16222,123933,13.09
562,30,Jammu and Kashmir,North,01-03-2025,32038,342393,9.36
563,22,Sikkim,Northeast,01-02-2026,31974,260574,12.27
564,22,Sikkim,Northeast,01-05-2025,5281,136345,3.87
565,21,Rajasthan,North,01-06-2025,8558,84314,10.15
566,23,Tamil Nadu,South,01-07-2025,26276,524175,5.01
567,21,Rajasthan,North,01-06-2026,16852,127458,13.22
568,13,Madhya Pradesh,Central,01-04-2025,42224,1194014,3.54
569,28,West Bengal,East,01-11-2025,5598,62264,8.99
570,23,Tamil Nadu,South,01-04-2025,25921,396014,6.55
571,28,West Bengal,East,01-06-2026,22023,164971,13.35
572,29,Delhi,North,01-08-2026,31420,372616,8.43
573,21,Rajasthan,North,01-10-2025,44204,1143986,3.86
574,17,Mizoram,Northeast,01-09-2025,25800,221765,11.63
575,28,West Bengal,East,01-04-2026,6972,117946,5.91
576,18,Nagaland,Northeast,01-08-2025,26164,193065,13.55
577,23,Tamil Nadu,South,01-02-2025,29402,354166,8.3
578,17,Mizoram,Northeast,01-03-2026,8880,302748,2.93
579,24,Telangana,South,01-01-2026,31986,919214,3.48
580,12,Kerala,South,01-01-2025,23414,203190,11.52
581,13,Madhya Pradesh,Central,01-08-2025,29558,245732,12.03
582,13,Madhya Pradesh,Central,01-07-2026,24834,1144677,2.17
583,5,Chhattisgarh,Central,01-08-2026,23604,317841,7.43
584,14,Maharashtra,West,01-04-2025,10666,68413,15.59
585,19,Odisha,East,01-07-2025,28938,372440,7.77
586,5,Chhattisgarh,Central,01-08-2025,6239,78575,7.94
587,15,Manipur,Northeast,01-04-2026,24688,402331,6.14
588,8,Haryana,North,01-09-2025,31982,655419,4.88
589,17,Mizoram,Northeast,01-04-2025,32925,582744,5.65
590,9,Himachal Pradesh,North,01-09-2025,13304,141168,9.42
591,30,Jammu and Kashmir,North,01-06-2026,35764,952875,3.75
592,27,Uttarakhand,North,01-08-2025,17953,172188,10.43
593,21,Rajasthan,North,01-04-2026,10303,96914,10.63
594,2,Arunachal Pradesh,Northeast,01-11-2025,17705,262851,6.74
595,8,Haryana,North,01-06-2026,27606,828968,3.33
596,8,Haryana,North,01-02-2026,40696,948276,4.29
597,20,Punjab,North,01-08-2026,12235,256790,4.76
598,14,Maharashtra,West,01-05-2026,13058,114540,11.4
599,30,Jammu and Kashmir,North,01-07-2025,11536,205338,5.62
600,15,Manipur,Northeast,01-06-2026,35764,284505,12.57
