SalesRecordID,StateID,State,Region,Month,VehicleSegment,Brand,UnitsSold,AverageVehiclePrice,EstimatedSalesValue
5001,27,Uttarakhand,North,2025-04-01,e-4W,Hyundai,1594,1510927,2408417638
5002,30,Jammu and Kashmir,North,2025-11-01,e-4W,Tata,287,1844337,529324719
5003,26,Uttar Pradesh,North,2026-01-01,e-2W,MG,1087,79927,86880649
5004,30,Jammu and Kashmir,North,2025-05-01,e-2W,TVS,52,76089,3956628
5005,9,Himachal Pradesh,North,2025-12-01,e-4W,BYD,1204,811361,976878644
5006,12,Kerala,South,2026-06-01,e-4W,Hero,1726,1454085,2509750710
5007,11,Karnataka,South,2025-04-01,e-2W,Hero,1239,132320,163944480
5008,25,Tripura,Northeast,2026-04-01,e-Bus,BYD,1722,5295126,9118206972
5009,23,Tamil Nadu,South,2025-05-01,e-4W,TVS,499,777606,388025394
5010,29,Delhi,North,2026-03-01,e-2W,Mahindra,797,150846,120224262
5011,8,Haryana,North,2025-08-01,e-4W,Ather,359,827572,297098348
5012,23,Tamil Nadu,South,2026-04-01,e-3W,TVS,1539,383085,589567815
5013,6,Goa,West,2025-02-01,e-2W,Ather,1451,84308,122330908
5014,24,Telangana,South,2026-05-01,e-2W,Bajaj,31,96299,2985269
5015,23,Tamil Nadu,South,2025-11-01,e-4W,MG,984,2075786,2042573424
5016,27,Uttarakhand,North,2026-07-01,e-2W,Bajaj,1715,156126,267756090
5017,2,Arunachal Pradesh,Northeast,2026-04-01,e-Truck,BYD,923,2547948,2351756004
5018,25,Tripura,Northeast,2026-08-01,e-2W,MG,386,154817,59759362
5019,15,Manipur,Northeast,2025-12-01,e-2W,Hero,1157,139322,161195554
5020,14,Maharashtra,West,2026-02-01,e-4W,TVS,1471,2187552,3217888992
5021,24,Telangana,South,2026-07-01,e-2W,Tata,458,98379,45057582
5022,5,Chhattisgarh,Central,2025-03-01,e-2W,Ola,1526,153111,233647386
5023,16,Meghalaya,Northeast,2026-04-01,e-4W,Hero,704,1528854,1076313216
5024,8,Haryana,North,2025-09-01,e-2W,MG,682,87010,59340820
5025,23,Tamil Nadu,South,2026-03-01,e-2W,Hero,332,91398,30344136
5026,7,Gujarat,West,2026-06-01,e-2W,Hero,366,99320,36351120
5027,8,Haryana,North,2026-04-01,e-2W,Tata,1220,84678,103307160
5028,28,West Bengal,East,2025-09-01,e-2W,Ola,77,144024,11089848
5029,6,Goa,West,2026-01-01,e-2W,Ather,853,99863,85183139
5030,19,Odisha,East,2026-06-01,e-4W,Bajaj,912,1536642,1401417504
5031,13,Madhya Pradesh,Central,2026-05-01,e-Bus,Mahindra,510,7834753,3995724030
5032,23,Tamil Nadu,South,2026-07-01,e-4W,Tata,1225,2184416,2675909600
5033,2,Arunachal Pradesh,Northeast,2026-04-01,e-2W,Bajaj,1482,151441,224435562
5034,16,Meghalaya,Northeast,2025-11-01,e-2W,Ather,1021,117645,120115545
5035,20,Punjab,North,2025-09-01,e-4W,Tata,535,1595596,853643860
5036,16,Meghalaya,Northeast,2026-03-01,e-2W,MG,1112,73332,81545184
5037,29,Delhi,North,2026-01-01,e-2W,Mahindra,1664,85689,142586496
5038,16,Meghalaya,Northeast,2026-02-01,e-2W,BYD,1009,129658,130824922
5039,10,Jharkhand,East,2025-09-01,e-4W,TVS,1173,1634678,1917477294
5040,21,Rajasthan,North,2026-02-01,e-2W,Hyundai,216,156006,33697296
5041,12,Kerala,South,2026-05-01,e-2W,Mahindra,684,73084,49989456
5042,26,Uttar Pradesh,North,2025-03-01,e-3W,Mahindra,905,381682,345422210
5043,30,Jammu and Kashmir,North,2026-03-01,e-Bus,Mahindra,403,3084718,1243141354
5044,23,Tamil Nadu,South,2026-02-01,e-2W,Hyundai,889,101186,89954354
5045,19,Odisha,East,2025-10-01,e-3W,Ola,192,408506,78433152
5046,24,Telangana,South,2026-06-01,e-Truck,Hero,304,6927319,2105904976
5047,19,Odisha,East,2025-02-01,e-2W,TVS,1118,124460,139146280
5048,30,Jammu and Kashmir,North,2025-08-01,e-Bus,Ather,1155,3509260,4053195300
5049,24,Telangana,South,2025-04-01,e-4W,Ola,406,2008166,815315396
5050,7,Gujarat,West,2025-12-01,e-2W,Tata,1166,140474,163792684
5051,3,Assam,Northeast,2026-04-01,e-4W,Tata,243,871277,211720311
5052,28,West Bengal,East,2026-08-01,e-2W,Bajaj,1093,140990,154102070
5053,2,Arunachal Pradesh,Northeast,2025-08-01,e-2W,MG,1299,85581,111169719
5054,30,Jammu and Kashmir,North,2026-03-01,e-2W,Ather,908,93649,85033292
5055,27,Uttarakhand,North,2025-02-01,e-2W,BYD,993,85960,85358280
5056,29,Delhi,North,2025-03-01,e-Bus,TVS,325,6783664,2204690800
5057,2,Arunachal Pradesh,Northeast,2025-04-01,e-3W,BYD,1525,387440,590846000
5058,8,Haryana,North,2025-09-01,e-3W,MG,1740,351349,611347260
5059,23,Tamil Nadu,South,2025-06-01,e-4W,MG,1652,700215,1156755180
5060,27,Uttarakhand,North,2025-11-01,e-4W,MG,180,1514661,272638980
5061,23,Tamil Nadu,South,2026-06-01,e-2W,BYD,1099,147239,161815661
5062,11,Karnataka,South,2025-07-01,e-4W,TVS,996,1620313,1613831748
5063,24,Telangana,South,2026-06-01,e-Truck,MG,1339,2266995,3035506305
5064,11,Karnataka,South,2026-02-01,e-4W,Hyundai,1474,1977623,2915016302
5065,24,Telangana,South,2025-06-01,e-Truck,Bajaj,1737,3607317,6265909629
5066,23,Tamil Nadu,South,2025-03-01,e-2W,Bajaj,1008,155525,156769200
5067,10,Jharkhand,East,2025-02-01,e-4W,TVS,1201,1932630,2321088630
5068,25,Tripura,Northeast,2026-03-01,e-4W,MG,1321,2035186,2688480706
5069,3,Assam,Northeast,2026-06-01,e-2W,Tata,839,130892,109818388
5070,27,Uttarakhand,North,2026-04-01,e-2W,Hero,80,79269,6341520
5071,11,Karnataka,South,2026-05-01,e-4W,Hyundai,554,719782,398759228
5072,14,Maharashtra,West,2026-02-01,e-3W,Bajaj,627,436433,273643491
5073,20,Punjab,North,2025-01-01,e-2W,TVS,520,105897,55066440
5074,23,Tamil Nadu,South,2026-01-01,e-Truck,TVS,1087,3422563,3720325981
5075,27,Uttarakhand,North,2025-05-01,e-2W,TVS,1610,149737,241076570
5076,16,Meghalaya,Northeast,2026-02-01,e-3W,Bajaj,1590,293218,466216620
5077,9,Himachal Pradesh,North,2025-07-01,e-Bus,Hyundai,51,2549768,130038168
5078,6,Goa,West,2025-07-01,e-4W,Hero,1133,1466868,1661961444
5079,19,Odisha,East,2026-03-01,e-2W,MG,1759,88984,156522856
5080,26,Uttar Pradesh,North,2025-02-01,e-2W,Ola,133,142902,19005966
5081,26,Uttar Pradesh,North,2025-01-01,e-4W,Bajaj,556,1048586,583013816
5082,13,Madhya Pradesh,Central,2025-08-01,e-2W,Bajaj,628,101376,63664128
5083,28,West Bengal,East,2025-09-01,e-2W,TVS,1316,123364,162347024
5084,29,Delhi,North,2025-10-01,e-3W,Tata,293,213324,62503932
5085,29,Delhi,North,2025-04-01,e-Truck,BYD,1447,6968206,10082994082
5086,23,Tamil Nadu,South,2026-07-01,e-2W,Tata,557,83016,46239912
5087,18,Nagaland,Northeast,2025-03-01,e-2W,Mahindra,829,70786,58681594
5088,11,Karnataka,South,2026-05-01,e-4W,Ather,1398,1019348,1425048504
5089,29,Delhi,North,2025-01-01,e-2W,TVS,1309,99813,130655217
5090,28,West Bengal,East,2025-06-01,e-4W,TVS,1379,1927562,2658107998
5091,1,Andhra Pradesh,South,2026-01-01,e-2W,Tata,982,141091,138551362
5092,12,Kerala,South,2025-12-01,e-3W,Hyundai,1633,215709,352252797
5093,8,Haryana,North,2025-02-01,e-2W,MG,106,128446,13615276
5094,20,Punjab,North,2026-08-01,e-4W,Mahindra,918,1624993,1491743574
5095,2,Arunachal Pradesh,Northeast,2025-12-01,e-4W,Hyundai,1177,1530819,1801773963
5096,27,Uttarakhand,North,2026-07-01,e-2W,TVS,499,104565,52177935
5097,27,Uttarakhand,North,2025-05-01,e-2W,Ola,211,104178,21981558
5098,17,Mizoram,Northeast,2025-08-01,e-2W,Hero,1310,156437,204932470
5099,12,Kerala,South,2025-06-01,e-3W,Mahindra,1281,225689,289107609
5100,1,Andhra Pradesh,South,2025-12-01,e-2W,Mahindra,957,100825,96489525
5101,2,Arunachal Pradesh,Northeast,2025-12-01,e-4W,Bajaj,885,1818844,1609676940
5102,12,Kerala,South,2025-09-01,e-3W,Ather,1694,289876,491049944
5103,4,Bihar,East,2025-10-01,e-3W,Ather,1569,269044,422130036
5104,23,Tamil Nadu,South,2025-07-01,e-2W,TVS,429,116501,49978929
5105,30,Jammu and Kashmir,North,2025-06-01,e-3W,Ola,261,283986,74120346
5106,21,Rajasthan,North,2025-07-01,e-3W,Bajaj,1486,313851,466382586
5107,20,Punjab,North,2025-10-01,e-2W,TVS,44,107706,4739064
5108,8,Haryana,North,2025-01-01,e-4W,Ola,549,757939,416108511
5109,18,Nagaland,Northeast,2026-02-01,e-2W,Hyundai,603,120717,72792351
5110,1,Andhra Pradesh,South,2026-03-01,e-2W,Mahindra,1644,151731,249445764
5111,26,Uttar Pradesh,North,2026-04-01,e-2W,BYD,811,103313,83786843
5112,26,Uttar Pradesh,North,2026-01-01,e-2W,MG,1302,138199,179935098
5113,13,Madhya Pradesh,Central,2025-05-01,e-4W,Ather,1301,1368875,1780906375
5114,30,Jammu and Kashmir,North,2025-09-01,e-3W,Bajaj,1016,185636,188606176
5115,21,Rajasthan,North,2026-02-01,e-2W,Mahindra,1405,87143,122435915
5116,15,Manipur,Northeast,2026-04-01,e-2W,BYD,729,97200,70858800
5117,23,Tamil Nadu,South,2026-04-01,e-2W,BYD,1028,90698,93237544
5118,10,Jharkhand,East,2025-12-01,e-3W,Ola,376,366720,137886720
5119,20,Punjab,North,2025-03-01,e-2W,Hero,897,118353,106162641
5120,6,Goa,West,2025-04-01,e-4W,Bajaj,90,1471271,132414390
5121,15,Manipur,Northeast,2025-06-01,e-2W,MG,240,139202,33408480
5122,16,Meghalaya,Northeast,2025-08-01,e-2W,BYD,234,89403,20920302
5123,18,Nagaland,Northeast,2025-11-01,e-Truck,MG,1106,5190888,5741122128
5124,15,Manipur,Northeast,2025-10-01,e-Bus,Hero,1671,3416992,5709793632
5125,17,Mizoram,Northeast,2026-04-01,e-Truck,Ola,875,6327549,5536605375
5126,23,Tamil Nadu,South,2025-04-01,e-4W,Ather,988,2048055,2023478340
5127,16,Meghalaya,Northeast,2026-07-01,e-3W,Hyundai,1771,346991,614521061
5128,16,Meghalaya,Northeast,2025-12-01,e-3W,Tata,726,371480,269694480
5129,12,Kerala,South,2025-04-01,e-Bus,BYD,1458,7001428,10208082024
5130,21,Rajasthan,North,2026-03-01,e-3W,Hyundai,56,392369,21972664
5131,20,Punjab,North,2026-07-01,e-3W,TVS,1050,219236,230197800
5132,5,Chhattisgarh,Central,2025-10-01,e-2W,TVS,1487,148975,221525825
5133,14,Maharashtra,West,2026-05-01,e-2W,Ather,88,105897,9318936
5134,6,Goa,West,2025-11-01,e-2W,Tata,1527,134817,205865559
5135,30,Jammu and Kashmir,North,2025-11-01,e-3W,Hero,1421,388137,551542677
5136,27,Uttarakhand,North,2026-04-01,e-Truck,BYD,1002,2814391,2820019782
5137,18,Nagaland,Northeast,2026-03-01,e-2W,Hero,1648,98690,162641120
5138,21,Rajasthan,North,2025-03-01,e-2W,MG,1366,148462,202799092
5139,21,Rajasthan,North,2026-04-01,e-Truck,MG,1414,3193488,4515592032
5140,19,Odisha,East,2026-07-01,e-4W,MG,1161,1193896,1386113256
5141,30,Jammu and Kashmir,North,2025-04-01,e-4W,Tata,856,1888597,1616639032
5142,7,Gujarat,West,2025-04-01,e-2W,Bajaj,1431,108885,155814435
5143,4,Bihar,East,2026-07-01,e-2W,Tata,1189,129305,153743645
5144,30,Jammu and Kashmir,North,2025-11-01,e-2W,Ather,228,91120,20775360
5145,28,West Bengal,East,2025-03-01,e-3W,Tata,1254,376243,471808722
5146,10,Jharkhand,East,2026-03-01,e-2W,MG,1139,124205,141469495
5147,27,Uttarakhand,North,2025-07-01,e-Bus,MG,1125,6579430,7401858750
5148,28,West Bengal,East,2025-06-01,e-2W,Hyundai,412,101213,41699756
5149,7,Gujarat,West,2026-08-01,e-2W,Hyundai,1455,126523,184090965
5150,29,Delhi,North,2025-06-01,e-2W,MG,1506,149872,225707232
5151,10,Jharkhand,East,2025-06-01,e-4W,Hero,677,854062,578199974
5152,17,Mizoram,Northeast,2025-04-01,e-3W,MG,828,285723,236578644
5153,6,Goa,West,2026-06-01,e-4W,MG,333,2046091,681348303
5154,5,Chhattisgarh,Central,2026-06-01,e-2W,Tata,534,154181,82332654
5155,7,Gujarat,West,2026-01-01,e-3W,Hero,1047,283475,296798325
5156,9,Himachal Pradesh,North,2026-01-01,e-2W,Bajaj,555,139093,77196615
5157,5,Chhattisgarh,Central,2025-08-01,e-4W,Ola,822,1468460,1207074120
5158,17,Mizoram,Northeast,2025-04-01,e-2W,Hyundai,374,121024,45262976
5159,2,Arunachal Pradesh,Northeast,2026-08-01,e-2W,Mahindra,493,72581,35782433
5160,28,West Bengal,East,2025-12-01,e-4W,Ather,103,1595668,164353804
5161,10,Jharkhand,East,2025-01-01,e-2W,TVS,1379,102940,141954260
5162,21,Rajasthan,North,2025-10-01,e-4W,TVS,181,1669246,302133526
5163,13,Madhya Pradesh,Central,2025-02-01,e-Bus,Bajaj,466,3767633,1755716978
5164,12,Kerala,South,2025-07-01,e-2W,Ola,1600,113333,181332800
5165,2,Arunachal Pradesh,Northeast,2026-08-01,e-2W,BYD,388,90316,35042608
5166,7,Gujarat,West,2026-06-01,e-4W,MG,392,1450046,568418032
5167,23,Tamil Nadu,South,2025-01-01,e-2W,Bajaj,1401,102930,144204930
5168,16,Meghalaya,Northeast,2025-05-01,e-4W,Hero,200,1058234,211646800
5169,7,Gujarat,West,2025-10-01,e-Bus,Hero,1230,6749486,8301867780
5170,16,Meghalaya,Northeast,2026-07-01,e-4W,Hyundai,368,1706630,628039840
5171,11,Karnataka,South,2025-01-01,e-Truck,MG,1246,6062957,7554444422
5172,27,Uttarakhand,North,2025-04-01,e-4W,Tata,357,1252226,447044682
5173,25,Tripura,Northeast,2025-11-01,e-3W,Hero,722,307101,221726922
5174,5,Chhattisgarh,Central,2025-09-01,e-3W,Ola,1231,281489,346512959
5175,16,Meghalaya,Northeast,2026-05-01,e-Truck,Hero,1432,3855397,5520928504
5176,8,Haryana,North,2025-05-01,e-2W,Hyundai,142,158719,22538098
5177,15,Manipur,Northeast,2026-01-01,e-3W,Ola,1354,223162,302161348
5178,14,Maharashtra,West,2025-11-01,e-2W,Mahindra,1652,82916,136977232
5179,22,Sikkim,Northeast,2026-08-01,e-3W,Hero,1345,241192,324403240
5180,29,Delhi,North,2026-04-01,e-Bus,Ola,1408,2956104,4162194432
5181,28,West Bengal,East,2026-04-01,e-3W,Hero,33,201576,6652008
5182,29,Delhi,North,2026-07-01,e-2W,Bajaj,1007,97867,98552069
5183,27,Uttarakhand,North,2026-02-01,e-2W,Mahindra,1116,149732,167100912
5184,6,Goa,West,2025-06-01,e-4W,Hyundai,845,1382387,1168117015
5185,1,Andhra Pradesh,South,2025-01-01,e-2W,Ola,136,99299,13504664
5186,12,Kerala,South,2026-01-01,e-Bus,Hyundai,468,8842167,4138134156
5187,16,Meghalaya,Northeast,2025-08-01,e-2W,Hyundai,262,136830,35849460
5188,11,Karnataka,South,2025-05-01,e-3W,TVS,413,234225,96734925
5189,7,Gujarat,West,2025-07-01,e-Bus,Bajaj,26,3843054,99919404
5190,7,Gujarat,West,2025-04-01,e-3W,Ather,1672,362047,605342584
5191,3,Assam,Northeast,2026-04-01,e-4W,BYD,55,1283247,70578585
5192,19,Odisha,East,2025-11-01,e-4W,BYD,376,2180355,819813480
5193,18,Nagaland,Northeast,2026-06-01,e-2W,TVS,933,128901,120264633
5194,15,Manipur,Northeast,2025-07-01,e-2W,Tata,621,71620,44476020
5195,5,Chhattisgarh,Central,2025-02-01,e-4W,Mahindra,257,1572377,404100889
5196,20,Punjab,North,2025-02-01,e-2W,TVS,230,116202,26726460
5197,14,Maharashtra,West,2025-12-01,e-2W,Tata,1380,144233,199041540
5198,5,Chhattisgarh,Central,2026-01-01,e-2W,MG,1476,139603,206054028
5199,14,Maharashtra,West,2026-03-01,e-2W,Bajaj,701,133644,93684444
5200,17,Mizoram,Northeast,2025-12-01,e-Bus,Ola,94,3070217,288600398
5201,13,Madhya Pradesh,Central,2025-10-01,e-Bus,Tata,274,8937571,2448894454
5202,28,West Bengal,East,2026-08-01,e-Bus,Bajaj,831,3398628,2824259868
5203,10,Jharkhand,East,2025-01-01,e-2W,Bajaj,561,104929,58865169
5204,26,Uttar Pradesh,North,2025-02-01,e-Truck,TVS,449,4104310,1842835190
5205,9,Himachal Pradesh,North,2025-02-01,e-2W,MG,828,142255,117787140
5206,13,Madhya Pradesh,Central,2026-02-01,e-3W,Ola,1149,238026,273491874
5207,22,Sikkim,Northeast,2025-03-01,e-Truck,Hero,45,6179845,278093025
5208,17,Mizoram,Northeast,2025-10-01,e-4W,BYD,1527,959425,1465041975
5209,4,Bihar,East,2025-08-01,e-2W,Ather,575,131108,75387100
5210,2,Arunachal Pradesh,Northeast,2026-03-01,e-Truck,TVS,1319,3252242,4289707198
5211,27,Uttarakhand,North,2025-08-01,e-4W,Bajaj,46,1296649,59645854
5212,1,Andhra Pradesh,South,2026-07-01,e-Bus,Ather,1652,4821945,7965853140
5213,5,Chhattisgarh,Central,2025-10-01,e-4W,TVS,984,2041708,2009040672
5214,1,Andhra Pradesh,South,2025-11-01,e-4W,Ola,136,870534,118392624
5215,14,Maharashtra,West,2026-06-01,e-3W,Tata,1259,411322,517854398
5216,23,Tamil Nadu,South,2025-06-01,e-4W,Ather,1289,1688722,2176762658
5217,18,Nagaland,Northeast,2026-01-01,e-3W,Hyundai,1437,298454,428878398
5218,2,Arunachal Pradesh,Northeast,2026-01-01,e-Bus,Ather,1229,3482014,4279395206
5219,27,Uttarakhand,North,2025-06-01,e-2W,Hyundai,723,137906,99706038
5220,5,Chhattisgarh,Central,2025-01-01,e-4W,BYD,1618,757676,1225919768
5221,13,Madhya Pradesh,Central,2026-04-01,e-Truck,Ola,1142,4877026,5569563692
5222,15,Manipur,Northeast,2025-10-01,e-Bus,Ather,1763,5204114,9174852982
5223,23,Tamil Nadu,South,2025-02-01,e-4W,Tata,1275,1605721,2047294275
5224,21,Rajasthan,North,2025-03-01,e-4W,Ola,1436,860576,1235787136
5225,23,Tamil Nadu,South,2025-12-01,e-3W,Mahindra,1472,379294,558320768
5226,12,Kerala,South,2025-07-01,e-4W,BYD,1291,1077224,1390696184
5227,3,Assam,Northeast,2026-05-01,e-2W,TVS,692,125718,86996856
5228,25,Tripura,Northeast,2025-02-01,e-4W,BYD,558,1720004,959762232
5229,29,Delhi,North,2026-08-01,e-3W,Bajaj,57,380065,21663705
5230,25,Tripura,Northeast,2025-03-01,e-4W,Bajaj,838,2088427,1750101826
5231,19,Odisha,East,2025-03-01,e-3W,Ola,280,187957,52627960
5232,3,Assam,Northeast,2026-08-01,e-3W,Hyundai,1515,427541,647724615
5233,28,West Bengal,East,2026-04-01,e-2W,Ather,351,158780,55731780
5234,16,Meghalaya,Northeast,2026-03-01,e-3W,BYD,1019,240091,244652729
5235,22,Sikkim,Northeast,2026-04-01,e-4W,Mahindra,1323,2046649,2707716627
5236,26,Uttar Pradesh,North,2026-06-01,e-3W,Tata,776,394168,305874368
5237,26,Uttar Pradesh,North,2026-02-01,e-3W,TVS,177,449670,79591590
5238,30,Jammu and Kashmir,North,2026-02-01,e-2W,Mahindra,1531,141185,216154235
5239,27,Uttarakhand,North,2025-06-01,e-4W,Hero,632,2003369,1266129208
5240,29,Delhi,North,2026-05-01,e-2W,Mahindra,1315,159826,210171190
5241,17,Mizoram,Northeast,2026-06-01,e-2W,MG,1027,145536,149465472
5242,9,Himachal Pradesh,North,2025-06-01,e-3W,Bajaj,122,250400,30548800
5243,14,Maharashtra,West,2025-07-01,e-2W,Ather,653,159630,104238390
5244,4,Bihar,East,2026-04-01,e-2W,MG,1746,150373,262551258
5245,5,Chhattisgarh,Central,2025-09-01,e-4W,BYD,339,1713845,580993455
5246,28,West Bengal,East,2025-03-01,e-2W,BYD,452,114527,51766204
5247,5,Chhattisgarh,Central,2026-03-01,e-Bus,MG,1662,3970851,6599554362
5248,6,Goa,West,2026-07-01,e-3W,BYD,1547,188314,291321758
5249,18,Nagaland,Northeast,2026-06-01,e-2W,Mahindra,1757,144632,254118424
5250,21,Rajasthan,North,2025-07-01,e-2W,Mahindra,1455,111034,161554470
5251,16,Meghalaya,Northeast,2026-08-01,e-2W,Bajaj,837,87558,73286046
5252,25,Tripura,Northeast,2026-07-01,e-3W,MG,680,269031,182941080
5253,6,Goa,West,2026-02-01,e-3W,TVS,631,328878,207522018
5254,30,Jammu and Kashmir,North,2026-02-01,e-2W,Ather,996,112399,111949404
5255,24,Telangana,South,2025-06-01,e-4W,Bajaj,1090,703285,766580650
5256,11,Karnataka,South,2025-08-01,e-4W,MG,1717,1801595,3093338615
5257,28,West Bengal,East,2025-08-01,e-3W,MG,1280,187642,240181760
5258,30,Jammu and Kashmir,North,2025-08-01,e-2W,Ather,706,124712,88046672
5259,28,West Bengal,East,2025-07-01,e-2W,Hyundai,495,130926,64808370
5260,10,Jharkhand,East,2026-06-01,e-2W,Hero,428,120182,51437896
5261,26,Uttar Pradesh,North,2026-08-01,e-2W,MG,399,144599,57695001
5262,10,Jharkhand,East,2026-07-01,e-4W,Hyundai,1347,816908,1100375076
5263,14,Maharashtra,West,2025-12-01,e-3W,BYD,1082,243079,263011478
5264,27,Uttarakhand,North,2026-03-01,e-Truck,MG,771,6532369,5036456499
5265,12,Kerala,South,2025-06-01,e-2W,TVS,1264,73293,92642352
5266,8,Haryana,North,2025-05-01,e-4W,Tata,642,1367538,877959396
5267,11,Karnataka,South,2026-08-01,e-2W,Bajaj,1595,137359,219087605
5268,24,Telangana,South,2025-03-01,e-Truck,TVS,1506,5346434,8051729604
5269,14,Maharashtra,West,2025-02-01,e-2W,Tata,1694,129055,218619170
5270,14,Maharashtra,West,2025-06-01,e-3W,Tata,440,312903,137677320
5271,1,Andhra Pradesh,South,2026-03-01,e-3W,BYD,1417,424744,601862248
5272,26,Uttar Pradesh,North,2025-05-01,e-2W,Ather,134,146920,19687280
5273,10,Jharkhand,East,2025-09-01,e-Truck,Ola,214,3534872,756462608
5274,4,Bihar,East,2025-07-01,e-3W,Ather,1761,281735,496135335
5275,3,Assam,Northeast,2026-01-01,e-4W,Ather,1278,2122415,2712446370
5276,1,Andhra Pradesh,South,2025-07-01,e-3W,MG,659,250198,164880482
5277,13,Madhya Pradesh,Central,2026-01-01,e-4W,MG,1335,1805323,2410106205
5278,28,West Bengal,East,2026-03-01,e-2W,Bajaj,482,153488,73981216
5279,13,Madhya Pradesh,Central,2026-01-01,e-4W,Bajaj,259,2125036,550384324
5280,19,Odisha,East,2025-03-01,e-Bus,Ather,858,4645265,3985637370
5281,17,Mizoram,Northeast,2026-08-01,e-4W,TVS,356,1311709,466968404
5282,28,West Bengal,East,2025-10-01,e-3W,Mahindra,1619,437137,707724803
5283,24,Telangana,South,2025-08-01,e-2W,TVS,1224,140248,171663552
5284,17,Mizoram,Northeast,2026-03-01,e-2W,Ola,707,116936,82673752
5285,26,Uttar Pradesh,North,2025-12-01,e-3W,Ather,1206,331733,400069998
5286,25,Tripura,Northeast,2026-08-01,e-4W,Hyundai,413,2151508,888572804
5287,5,Chhattisgarh,Central,2025-09-01,e-Truck,Hyundai,240,2585786,620588640
5288,19,Odisha,East,2026-02-01,e-4W,Ola,709,2101959,1490288931
5289,12,Kerala,South,2025-02-01,e-2W,TVS,909,133600,121442400
5290,22,Sikkim,Northeast,2025-03-01,e-2W,Mahindra,1255,71067,89189085
5291,20,Punjab,North,2026-06-01,e-4W,MG,238,952773,226759974
5292,4,Bihar,East,2025-05-01,e-4W,MG,891,802951,715429341
5293,21,Rajasthan,North,2026-07-01,e-3W,TVS,322,436682,140611604
5294,14,Maharashtra,West,2025-01-01,e-2W,Hero,808,152212,122987296
5295,17,Mizoram,Northeast,2025-07-01,e-2W,Bajaj,909,123015,111820635
5296,13,Madhya Pradesh,Central,2026-07-01,e-4W,MG,363,1491841,541538283
5297,7,Gujarat,West,2026-03-01,e-3W,BYD,1589,206442,328036338
5298,17,Mizoram,Northeast,2025-12-01,e-4W,Ather,986,1481608,1460865488
5299,6,Goa,West,2025-07-01,e-Bus,BYD,345,3699728,1276406160
5300,29,Delhi,North,2025-07-01,e-Truck,Tata,1780,2316576,4123505280
5301,13,Madhya Pradesh,Central,2025-05-01,e-4W,Tata,1095,773704,847205880
5302,23,Tamil Nadu,South,2026-02-01,e-4W,MG,1016,1913013,1943621208
5303,23,Tamil Nadu,South,2025-05-01,e-2W,Hero,1049,157700,165427300
5304,23,Tamil Nadu,South,2025-07-01,e-2W,Ather,289,152999,44216711
5305,20,Punjab,North,2025-08-01,e-3W,Hero,1516,227456,344823296
5306,18,Nagaland,Northeast,2026-02-01,e-2W,Mahindra,160,134800,21568000
5307,15,Manipur,Northeast,2026-07-01,e-4W,Tata,1649,2050093,3380603357
5308,8,Haryana,North,2026-05-01,e-3W,Ola,467,389097,181708299
5309,4,Bihar,East,2025-12-01,e-2W,Tata,42,145930,6129060
5310,6,Goa,West,2026-06-01,e-4W,Ola,1643,863543,1418801149
5311,22,Sikkim,Northeast,2025-03-01,e-3W,Hero,1359,383299,520903341
5312,18,Nagaland,Northeast,2025-07-01,e-3W,Hero,1335,222782,297413970
5313,24,Telangana,South,2025-09-01,e-Bus,Ola,1296,7507106,9729209376
5314,3,Assam,Northeast,2025-11-01,e-3W,MG,647,368206,238229282
5315,18,Nagaland,Northeast,2026-08-01,e-3W,Hero,533,418634,223131922
5316,5,Chhattisgarh,Central,2025-11-01,e-3W,TVS,395,215282,85036390
5317,21,Rajasthan,North,2025-04-01,e-2W,Hyundai,809,155395,125714555
5318,5,Chhattisgarh,Central,2025-11-01,e-2W,MG,330,116540,38458200
5319,16,Meghalaya,Northeast,2025-06-01,e-4W,Ola,1540,1919748,2956411920
5320,7,Gujarat,West,2025-10-01,e-2W,Hero,958,125283,120021114
5321,26,Uttar Pradesh,North,2026-07-01,e-2W,Hyundai,1296,158697,205671312
5322,27,Uttarakhand,North,2025-09-01,e-3W,Hyundai,129,275872,35587488
5323,28,West Bengal,East,2025-08-01,e-2W,Bajaj,924,104815,96849060
5324,6,Goa,West,2026-07-01,e-4W,Mahindra,258,1966560,507372480
5325,22,Sikkim,Northeast,2025-05-01,e-2W,Hyundai,211,146349,30879639
5326,28,West Bengal,East,2026-06-01,e-2W,MG,221,112487,24859627
5327,29,Delhi,North,2025-02-01,e-2W,Hero,1613,126866,204634858
5328,21,Rajasthan,North,2025-09-01,e-2W,Ather,460,141492,65086320
5329,23,Tamil Nadu,South,2025-12-01,e-3W,Tata,1660,392854,652137640
5330,1,Andhra Pradesh,South,2026-07-01,e-4W,BYD,1330,1299559,1728413470
5331,28,West Bengal,East,2025-04-01,e-4W,Hero,1513,1290642,1952741346
5332,5,Chhattisgarh,Central,2026-06-01,e-4W,Hyundai,1722,776675,1337434350
5333,10,Jharkhand,East,2025-09-01,e-Truck,Hyundai,129,5105141,658563189
5334,1,Andhra Pradesh,South,2026-01-01,e-2W,Tata,611,80974,49475114
5335,17,Mizoram,Northeast,2025-02-01,e-2W,Bajaj,1694,125612,212786728
5336,10,Jharkhand,East,2025-08-01,e-2W,Hyundai,334,105524,35245016
5337,16,Meghalaya,Northeast,2025-09-01,e-3W,Ola,1175,217941,256080675
5338,23,Tamil Nadu,South,2025-12-01,e-3W,Hero,62,265269,16446678
5339,16,Meghalaya,Northeast,2025-12-01,e-Truck,Hero,603,4174151,2517013053
5340,14,Maharashtra,West,2025-05-01,e-2W,MG,1209,118506,143273754
5341,25,Tripura,Northeast,2026-06-01,e-2W,TVS,1197,145677,174375369
5342,4,Bihar,East,2025-06-01,e-2W,Bajaj,621,83934,52123014
5343,8,Haryana,North,2025-11-01,e-4W,Hyundai,685,1761394,1206554890
5344,23,Tamil Nadu,South,2026-03-01,e-2W,BYD,1749,104959,183573291
5345,22,Sikkim,Northeast,2025-02-01,e-4W,Bajaj,316,1599751,505521316
5346,1,Andhra Pradesh,South,2025-09-01,e-2W,Tata,1175,80082,94096350
5347,16,Meghalaya,Northeast,2025-03-01,e-3W,MG,1296,194274,251779104
5348,17,Mizoram,Northeast,2025-08-01,e-2W,Mahindra,1171,79425,93006675
5349,8,Haryana,North,2025-08-01,e-4W,Mahindra,1279,795696,1017695184
5350,9,Himachal Pradesh,North,2025-12-01,e-Truck,Hyundai,1182,4776877,5646268614
5351,8,Haryana,North,2025-04-01,e-Bus,BYD,889,5887951,5234388439
5352,20,Punjab,North,2026-08-01,e-Bus,Bajaj,670,8418211,5640201370
5353,13,Madhya Pradesh,Central,2026-04-01,e-4W,BYD,1657,1014444,1680933708
5354,2,Arunachal Pradesh,Northeast,2025-10-01,e-4W,Tata,736,2065359,1520104224
5355,17,Mizoram,Northeast,2026-01-01,e-4W,Ather,1346,1927201,2594012546
5356,20,Punjab,North,2025-03-01,e-3W,Tata,615,414484,254907660
5357,19,Odisha,East,2025-01-01,e-Truck,TVS,1375,5465632,7515244000
5358,15,Manipur,Northeast,2026-08-01,e-2W,Bajaj,83,130645,10843535
5359,20,Punjab,North,2026-07-01,e-2W,BYD,1063,102583,109045729
5360,23,Tamil Nadu,South,2025-08-01,e-2W,Hyundai,1219,90460,110270740
5361,18,Nagaland,Northeast,2026-03-01,e-4W,Bajaj,598,869446,519928708
5362,27,Uttarakhand,North,2025-11-01,e-4W,Hyundai,1626,1735108,2821285608
5363,5,Chhattisgarh,Central,2025-03-01,e-2W,Mahindra,60,116246,6974760
5364,20,Punjab,North,2026-05-01,e-3W,Hyundai,1748,437416,764603168
5365,1,Andhra Pradesh,South,2025-04-01,e-2W,MG,1660,143225,237753500
5366,30,Jammu and Kashmir,North,2025-12-01,e-2W,Bajaj,1618,155843,252153974
5367,30,Jammu and Kashmir,North,2026-06-01,e-Bus,Tata,1132,5978192,6767313344
5368,17,Mizoram,Northeast,2025-08-01,e-4W,MG,636,2130024,1354695264
5369,16,Meghalaya,Northeast,2025-01-01,e-3W,Ather,276,427481,117984756
5370,15,Manipur,Northeast,2026-03-01,e-2W,Tata,1461,131313,191848293
5371,8,Haryana,North,2025-04-01,e-Truck,Tata,392,4745759,1860337528
5372,17,Mizoram,Northeast,2026-05-01,e-2W,Ather,1235,71695,88543325
5373,11,Karnataka,South,2026-03-01,e-2W,Hero,430,95651,41129930
5374,5,Chhattisgarh,Central,2026-06-01,e-4W,TVS,762,1785643,1360659966
5375,10,Jharkhand,East,2026-08-01,e-2W,TVS,1178,102872,121183216
5376,3,Assam,Northeast,2026-06-01,e-4W,Hero,1768,706475,1249047800
5377,29,Delhi,North,2026-01-01,e-2W,Ola,1478,156457,231243446
5378,17,Mizoram,Northeast,2026-06-01,e-Truck,Ola,858,3051222,2617948476
5379,10,Jharkhand,East,2025-11-01,e-Bus,MG,924,8148734,7529430216
5380,25,Tripura,Northeast,2025-03-01,e-4W,Hyundai,1139,1425356,1623480484
5381,19,Odisha,East,2025-01-01,e-2W,Ola,1000,86865,86865000
5382,20,Punjab,North,2025-09-01,e-4W,Mahindra,885,1917745,1697204325
5383,9,Himachal Pradesh,North,2025-06-01,e-4W,Mahindra,1229,1146476,1409019004
5384,19,Odisha,East,2026-07-01,e-2W,Tata,1728,144907,250399296
5385,4,Bihar,East,2025-12-01,e-2W,Mahindra,142,134860,19150120
5386,15,Manipur,Northeast,2025-02-01,e-2W,TVS,452,99381,44920212
5387,3,Assam,Northeast,2025-04-01,e-2W,Ola,290,112503,32625870
5388,14,Maharashtra,West,2026-05-01,e-Bus,Hero,817,4011710,3277567070
5389,7,Gujarat,West,2025-02-01,e-2W,TVS,1603,152215,244000645
5390,27,Uttarakhand,North,2026-03-01,e-Truck,Bajaj,1665,6302748,10494075420
5391,10,Jharkhand,East,2025-04-01,e-3W,TVS,1547,441674,683269678
5392,28,West Bengal,East,2025-10-01,e-3W,MG,562,187928,105615536
5393,24,Telangana,South,2026-02-01,e-Bus,TVS,1754,8147069,14289959026
5394,15,Manipur,Northeast,2025-01-01,e-4W,Tata,1200,1567050,1880460000
5395,4,Bihar,East,2026-03-01,e-Truck,Ather,552,4382229,2418990408
5396,22,Sikkim,Northeast,2025-05-01,e-2W,Hyundai,901,141667,127641967
5397,2,Arunachal Pradesh,Northeast,2025-07-01,e-2W,Tata,733,107361,78695613
5398,6,Goa,West,2026-01-01,e-2W,Ather,1460,104600,152716000
5399,1,Andhra Pradesh,South,2025-12-01,e-4W,Hero,921,1153400,1062281400
5400,10,Jharkhand,East,2025-03-01,e-2W,Tata,335,137996,46228660
5401,28,West Bengal,East,2026-02-01,e-2W,Bajaj,1604,157483,252602732
5402,18,Nagaland,Northeast,2025-04-01,e-3W,Ola,1336,446656,596732416
5403,16,Meghalaya,Northeast,2025-02-01,e-3W,Ola,1131,308381,348778911
5404,10,Jharkhand,East,2025-12-01,e-3W,Hero,51,439252,22401852
5405,16,Meghalaya,Northeast,2025-07-01,e-Bus,Tata,839,4664533,3913543187
5406,13,Madhya Pradesh,Central,2025-11-01,e-2W,Mahindra,1529,159493,243864797
5407,4,Bihar,East,2026-04-01,e-3W,Ather,941,425840,400715440
5408,28,West Bengal,East,2025-01-01,e-4W,MG,1470,2155700,3168879000
5409,10,Jharkhand,East,2025-12-01,e-2W,Ola,657,144921,95213097
5410,8,Haryana,North,2026-06-01,e-4W,Tata,789,753024,594135936
5411,30,Jammu and Kashmir,North,2025-07-01,e-4W,Mahindra,707,1381908,977008956
5412,17,Mizoram,Northeast,2025-06-01,e-4W,Ola,860,1497278,1287659080
5413,22,Sikkim,Northeast,2025-05-01,e-4W,TVS,1102,1407494,1551058388
5414,13,Madhya Pradesh,Central,2025-12-01,e-3W,Ather,1576,330594,521016144
5415,15,Manipur,Northeast,2025-05-01,e-2W,Mahindra,47,84260,3960220
5416,10,Jharkhand,East,2026-03-01,e-Bus,Tata,1066,2877332,3067235912
5417,3,Assam,Northeast,2025-03-01,e-2W,Hero,304,119752,36404608
5418,4,Bihar,East,2026-05-01,e-2W,BYD,1774,121616,215746784
5419,9,Himachal Pradesh,North,2025-04-01,e-4W,Ather,1214,842617,1022937038
5420,11,Karnataka,South,2025-09-01,e-2W,Tata,470,122672,57655840
5421,22,Sikkim,Northeast,2026-02-01,e-4W,TVS,910,1990080,1810972800
5422,19,Odisha,East,2025-06-01,e-4W,Tata,1716,1523375,2614111500
5423,13,Madhya Pradesh,Central,2026-08-01,e-4W,Mahindra,93,1529297,142224621
5424,23,Tamil Nadu,South,2026-01-01,e-3W,TVS,756,327522,247606632
5425,30,Jammu and Kashmir,North,2026-06-01,e-2W,Hyundai,328,87158,28587824
5426,4,Bihar,East,2025-02-01,e-Truck,TVS,140,5816899,814365860
5427,22,Sikkim,Northeast,2025-01-01,e-Bus,MG,547,2976377,1628078219
5428,30,Jammu and Kashmir,North,2026-08-01,e-3W,Ather,852,282395,240600540
5429,18,Nagaland,Northeast,2026-02-01,e-4W,BYD,1269,1825832,2316980808
5430,19,Odisha,East,2026-03-01,e-2W,Hyundai,436,152335,66418060
5431,8,Haryana,North,2025-10-01,e-4W,Bajaj,492,1982322,975302424
5432,10,Jharkhand,East,2025-06-01,e-3W,MG,108,411773,44471484
5433,26,Uttar Pradesh,North,2025-04-01,e-4W,Ola,996,1368640,1363165440
5434,26,Uttar Pradesh,North,2026-02-01,e-4W,Bajaj,602,741340,446286680
5435,6,Goa,West,2025-02-01,e-2W,Hyundai,999,79399,79319601
5436,27,Uttarakhand,North,2025-11-01,e-Bus,Bajaj,1479,8305333,12283587507
5437,27,Uttarakhand,North,2026-05-01,e-3W,TVS,1051,357788,376035188
5438,5,Chhattisgarh,Central,2026-04-01,e-Bus,Bajaj,869,2762530,2400638570
5439,26,Uttar Pradesh,North,2025-05-01,e-2W,Ola,1381,126414,174577734
5440,9,Himachal Pradesh,North,2025-07-01,e-4W,Ola,456,960440,437960640
5441,27,Uttarakhand,North,2026-04-01,e-3W,Ather,163,224772,36637836
5442,24,Telangana,South,2025-05-01,e-2W,Bajaj,1782,99048,176503536
5443,18,Nagaland,Northeast,2026-06-01,e-2W,TVS,1655,120192,198917760
5444,30,Jammu and Kashmir,North,2026-06-01,e-4W,TVS,938,2062392,1934523696
5445,5,Chhattisgarh,Central,2026-05-01,e-3W,Ola,1655,220136,364325080
5446,11,Karnataka,South,2026-01-01,e-4W,Bajaj,1748,771939,1349349372
5447,27,Uttarakhand,North,2025-07-01,e-4W,Mahindra,1554,1523837,2368042698
5448,16,Meghalaya,Northeast,2025-02-01,e-4W,MG,312,2077260,648105120
5449,24,Telangana,South,2025-04-01,e-3W,TVS,434,410144,178002496
5450,4,Bihar,East,2025-03-01,e-3W,Ola,214,278662,59633668
5451,8,Haryana,North,2025-01-01,e-3W,Tata,1775,359166,637519650
5452,9,Himachal Pradesh,North,2025-11-01,e-3W,BYD,109,184576,20118784
5453,14,Maharashtra,West,2026-02-01,e-4W,Mahindra,1530,1463445,2239070850
5454,9,Himachal Pradesh,North,2026-01-01,e-2W,BYD,1359,155805,211738995
5455,23,Tamil Nadu,South,2025-06-01,e-Bus,Tata,1408,7363099,10367243392
5456,8,Haryana,North,2026-04-01,e-Bus,TVS,571,5697514,3253280494
5457,19,Odisha,East,2025-11-01,e-4W,Hero,1129,1050041,1185496289
5458,27,Uttarakhand,North,2026-07-01,e-4W,Mahindra,43,1188409,51101587
5459,18,Nagaland,Northeast,2025-09-01,e-3W,Bajaj,903,300385,271247655
5460,4,Bihar,East,2025-09-01,e-Bus,Hyundai,1460,7633381,11144736260
5461,16,Meghalaya,Northeast,2026-03-01,e-2W,TVS,1312,86571,113581152
5462,19,Odisha,East,2026-01-01,e-4W,BYD,849,729717,619529733
5463,26,Uttar Pradesh,North,2025-03-01,e-2W,Bajaj,486,91604,44519544
5464,12,Kerala,South,2026-03-01,e-Truck,Tata,1729,6809940,11774386260
5465,27,Uttarakhand,North,2026-07-01,e-2W,Ola,1076,89689,96505364
5466,6,Goa,West,2025-12-01,e-2W,Hero,500,108031,54015500
5467,13,Madhya Pradesh,Central,2026-03-01,e-2W,Mahindra,1714,104651,179371814
5468,26,Uttar Pradesh,North,2025-07-01,e-2W,MG,1445,156240,225766800
5469,1,Andhra Pradesh,South,2025-07-01,e-Bus,Ola,1150,4318182,4965909300
5470,21,Rajasthan,North,2025-03-01,e-4W,Hyundai,566,2145675,1214452050
5471,18,Nagaland,Northeast,2025-04-01,e-2W,Mahindra,1032,126494,130541808
5472,26,Uttar Pradesh,North,2026-01-01,e-2W,Ola,917,74023,67879091
5473,16,Meghalaya,Northeast,2026-06-01,e-2W,Ather,1719,134680,231514920
5474,19,Odisha,East,2025-11-01,e-2W,Hero,253,71391,18061923
5475,16,Meghalaya,Northeast,2025-10-01,e-2W,MG,447,136267,60911349
5476,4,Bihar,East,2025-09-01,e-2W,MG,1307,121690,159048830
5477,16,Meghalaya,Northeast,2026-08-01,e-2W,Ola,263,89333,23494579
5478,3,Assam,Northeast,2026-04-01,e-2W,Mahindra,1189,126174,150020886
5479,20,Punjab,North,2026-01-01,e-3W,BYD,1327,194716,258388132
5480,20,Punjab,North,2025-03-01,e-3W,Ather,326,319596,104188296
5481,16,Meghalaya,Northeast,2026-03-01,e-4W,Tata,1739,1061998,1846814522
5482,17,Mizoram,Northeast,2025-09-01,e-4W,Ola,448,1598886,716300928
5483,20,Punjab,North,2026-07-01,e-2W,Hyundai,1110,130032,144335520
5484,14,Maharashtra,West,2025-04-01,e-4W,Mahindra,1664,1746094,2905500416
5485,13,Madhya Pradesh,Central,2025-06-01,e-Bus,Ather,1323,4966704,6570949392
5486,12,Kerala,South,2026-01-01,e-4W,Hero,513,768259,394116867
5487,15,Manipur,Northeast,2026-03-01,e-2W,TVS,662,100565,66574030
5488,30,Jammu and Kashmir,North,2025-11-01,e-2W,BYD,730,83795,61170350
5489,23,Tamil Nadu,South,2026-07-01,e-Bus,TVS,1006,8296098,8345874588
5490,29,Delhi,North,2026-05-01,e-Bus,BYD,1544,3343214,5161922416
5491,29,Delhi,North,2025-03-01,e-4W,Mahindra,27,1831913,49461651
5492,29,Delhi,North,2025-08-01,e-4W,MG,572,1618164,925589808
5493,18,Nagaland,Northeast,2025-09-01,e-Truck,Bajaj,1379,5943315,8195831385
5494,30,Jammu and Kashmir,North,2026-06-01,e-4W,MG,240,877132,210511680
5495,25,Tripura,Northeast,2026-02-01,e-3W,TVS,1696,379330,643343680
5496,8,Haryana,North,2025-02-01,e-4W,Hyundai,1545,1311561,2026361745
5497,10,Jharkhand,East,2025-09-01,e-2W,TVS,181,134356,24318436
5498,6,Goa,West,2025-11-01,e-2W,TVS,485,80482,39033770
5499,17,Mizoram,Northeast,2025-01-01,e-2W,Mahindra,1157,119177,137887789
5500,1,Andhra Pradesh,South,2025-08-01,e-4W,Tata,1545,2057368,3178633560
5501,19,Odisha,East,2025-06-01,e-2W,BYD,152,123333,18746616
5502,5,Chhattisgarh,Central,2025-09-01,e-2W,Tata,68,77507,5270476
5503,26,Uttar Pradesh,North,2025-02-01,e-4W,TVS,1130,1704366,1925933580
5504,27,Uttarakhand,North,2026-05-01,e-4W,Tata,1669,1514883,2528339727
5505,23,Tamil Nadu,South,2025-06-01,e-2W,Mahindra,1111,88325,98129075
5506,20,Punjab,North,2025-10-01,e-2W,Bajaj,273,110768,30239664
5507,8,Haryana,North,2025-11-01,e-4W,MG,474,1474456,698892144
5508,26,Uttar Pradesh,North,2026-06-01,e-3W,Mahindra,547,319728,174891216
5509,2,Arunachal Pradesh,Northeast,2025-07-01,e-2W,TVS,422,147711,62334042
5510,9,Himachal Pradesh,North,2025-04-01,e-2W,Mahindra,1011,87821,88787031
5511,2,Arunachal Pradesh,Northeast,2025-09-01,e-3W,Ola,505,434084,219212420
5512,27,Uttarakhand,North,2025-10-01,e-Bus,Ather,1680,5585689,9383957520
5513,27,Uttarakhand,North,2026-03-01,e-2W,Mahindra,838,157985,132391430
5514,20,Punjab,North,2025-03-01,e-4W,Tata,601,1073519,645184919
5515,9,Himachal Pradesh,North,2026-05-01,e-2W,Tata,1658,78245,129730210
5516,4,Bihar,East,2026-06-01,e-2W,Mahindra,934,152742,142661028
5517,11,Karnataka,South,2026-03-01,e-2W,Tata,268,119386,31995448
5518,24,Telangana,South,2025-07-01,e-2W,Hero,141,138475,19524975
5519,17,Mizoram,Northeast,2026-04-01,e-4W,Mahindra,736,920375,677396000
5520,1,Andhra Pradesh,South,2026-06-01,e-2W,MG,221,119892,26496132
5521,7,Gujarat,West,2025-10-01,e-4W,Tata,794,1615108,1282395752
5522,16,Meghalaya,Northeast,2026-08-01,e-2W,Hero,742,126697,94009174
5523,29,Delhi,North,2025-02-01,e-2W,Ola,566,103038,58319508
5524,27,Uttarakhand,North,2025-06-01,e-2W,BYD,875,119272,104363000
5525,27,Uttarakhand,North,2025-05-01,e-2W,BYD,1129,109697,123847913
5526,3,Assam,Northeast,2025-05-01,e-4W,Hyundai,1490,2110781,3145063690
5527,4,Bihar,East,2025-01-01,e-Truck,Ather,835,6917300,5775945500
5528,30,Jammu and Kashmir,North,2025-12-01,e-2W,Hyundai,639,80686,51558354
5529,22,Sikkim,Northeast,2026-02-01,e-3W,Tata,1072,289384,310219648
5530,9,Himachal Pradesh,North,2026-01-01,e-2W,Hero,960,99960,95961600
5531,10,Jharkhand,East,2026-01-01,e-Bus,Mahindra,1128,4418715,4984310520
5532,29,Delhi,North,2025-08-01,e-4W,Ola,1221,1512902,1847253342
5533,15,Manipur,Northeast,2025-05-01,e-2W,MG,681,110741,75414621
5534,26,Uttar Pradesh,North,2026-01-01,e-Bus,Hyundai,342,3976075,1359817650
5535,7,Gujarat,West,2025-08-01,e-3W,Hyundai,952,339156,322876512
5536,8,Haryana,North,2025-07-01,e-2W,Tata,1297,134068,173886196
5537,18,Nagaland,Northeast,2025-11-01,e-2W,Ola,1728,150602,260240256
5538,12,Kerala,South,2025-08-01,e-3W,Ola,1663,277551,461567313
5539,19,Odisha,East,2025-11-01,e-Bus,Ola,176,4397871,774025296
5540,5,Chhattisgarh,Central,2025-04-01,e-4W,Hyundai,185,1482733,274305605
5541,30,Jammu and Kashmir,North,2026-03-01,e-3W,Mahindra,1285,440705,566305925
5542,7,Gujarat,West,2025-08-01,e-2W,Bajaj,1632,91975,150103200
5543,12,Kerala,South,2026-07-01,e-Truck,Hyundai,896,6311496,5655100416
5544,6,Goa,West,2025-08-01,e-3W,Hero,939,394340,370285260
5545,14,Maharashtra,West,2025-07-01,e-4W,Mahindra,1689,987249,1667463561
5546,12,Kerala,South,2026-03-01,e-4W,Ather,750,1155987,866990250
5547,11,Karnataka,South,2026-04-01,e-4W,Hero,1779,1664237,2960677623
5548,4,Bihar,East,2025-08-01,e-2W,Ather,24,105999,2543976
5549,24,Telangana,South,2026-02-01,e-2W,BYD,1271,109551,139239321
5550,13,Madhya Pradesh,Central,2025-09-01,e-3W,Ather,253,367435,92961055
5551,16,Meghalaya,Northeast,2026-02-01,e-2W,Bajaj,101,151614,15313014
5552,24,Telangana,South,2026-03-01,e-4W,Ather,438,1399023,612772074
5553,17,Mizoram,Northeast,2026-02-01,e-Truck,Mahindra,1521,1924078,2926522638
5554,6,Goa,West,2025-01-01,e-2W,Bajaj,803,100099,80379497
5555,24,Telangana,South,2026-03-01,e-2W,Bajaj,366,139803,51167898
5556,14,Maharashtra,West,2025-12-01,e-2W,Hyundai,1616,87140,140818240
5557,24,Telangana,South,2025-01-01,e-2W,Ola,278,153038,42544564
5558,29,Delhi,North,2026-05-01,e-4W,TVS,1449,2042641,2959786809
5559,5,Chhattisgarh,Central,2025-12-01,e-2W,Mahindra,76,158913,12077388
5560,12,Kerala,South,2025-05-01,e-3W,BYD,45,366351,16485795
5561,21,Rajasthan,North,2025-08-01,e-Truck,Hero,674,3173368,2138850032
5562,15,Manipur,Northeast,2026-02-01,e-Bus,Ather,615,4063332,2498949180
5563,11,Karnataka,South,2025-08-01,e-2W,Tata,569,95651,54425419
5564,21,Rajasthan,North,2026-03-01,e-3W,Bajaj,1023,413705,423220215
5565,21,Rajasthan,North,2026-08-01,e-Bus,BYD,200,6390026,1278005200
5566,10,Jharkhand,East,2025-04-01,e-Bus,Mahindra,990,6281597,6218781030
5567,18,Nagaland,Northeast,2025-06-01,e-4W,Tata,639,1484514,948604446
5568,17,Mizoram,Northeast,2025-02-01,e-4W,Ather,34,1823586,62001924
5569,13,Madhya Pradesh,Central,2026-01-01,e-3W,BYD,184,234645,43174680
5570,26,Uttar Pradesh,North,2025-10-01,e-Bus,Bajaj,1260,4728553,5957976780
5571,15,Manipur,Northeast,2025-01-01,e-3W,BYD,1190,447847,532937930
5572,29,Delhi,North,2025-01-01,e-4W,MG,239,1551601,370832639
5573,29,Delhi,North,2025-07-01,e-3W,Mahindra,265,429109,113713885
5574,11,Karnataka,South,2025-03-01,e-Truck,Ather,494,6036026,2981796844
5575,13,Madhya Pradesh,Central,2025-05-01,e-3W,BYD,476,426052,202800752
5576,11,Karnataka,South,2025-12-01,e-3W,Hyundai,1663,343041,570477183
5577,23,Tamil Nadu,South,2026-04-01,e-Truck,MG,725,2959702,2145783950
5578,14,Maharashtra,West,2026-07-01,e-Truck,Hero,1309,3712886,4860167774
5579,19,Odisha,East,2026-05-01,e-3W,Ola,1528,401516,613516448
5580,18,Nagaland,Northeast,2026-07-01,e-2W,Hero,1001,133350,133483350
5581,8,Haryana,North,2025-01-01,e-2W,Mahindra,1038,87563,90890394
5582,7,Gujarat,West,2025-12-01,e-Bus,Ola,1375,3534472,4859899000
5583,6,Goa,West,2025-01-01,e-2W,BYD,1208,71626,86524208
5584,2,Arunachal Pradesh,Northeast,2025-12-01,e-2W,BYD,1293,136095,175970835
5585,16,Meghalaya,Northeast,2025-04-01,e-2W,Ather,936,130289,121950504
5586,26,Uttar Pradesh,North,2025-11-01,e-2W,MG,219,97209,21288771
5587,25,Tripura,Northeast,2025-11-01,e-2W,MG,744,142302,105872688
5588,29,Delhi,North,2026-07-01,e-2W,Bajaj,524,126627,66352548
5589,15,Manipur,Northeast,2026-07-01,e-4W,Ola,979,1238057,1212057803
5590,24,Telangana,South,2026-04-01,e-4W,Ola,241,1565144,377199704
5591,21,Rajasthan,North,2025-01-01,e-2W,Ola,1640,122104,200250560
5592,22,Sikkim,Northeast,2025-12-01,e-3W,Hero,1049,385384,404267816
5593,30,Jammu and Kashmir,North,2026-08-01,e-2W,TVS,1608,119004,191358432
5594,21,Rajasthan,North,2025-10-01,e-4W,Hero,328,1848431,606285368
5595,20,Punjab,North,2026-08-01,e-3W,Ola,1749,428924,750188076
5596,12,Kerala,South,2025-07-01,e-Truck,BYD,641,1990477,1275895757
5597,9,Himachal Pradesh,North,2025-08-01,e-2W,Tata,1251,98460,123173460
5598,1,Andhra Pradesh,South,2025-12-01,e-2W,Ather,898,83731,75190438
5599,22,Sikkim,Northeast,2025-06-01,e-2W,Ola,1147,94278,108136866
5600,24,Telangana,South,2025-01-01,e-4W,TVS,1478,1452913,2147405414
